User ID,Age,Gender,Education Level,Profession,Skill Category,Initial Skill Level,Training Hours,Confidence Level,Feedback Score,Activity Participation,Current Skill Level,Progress (%)
1,26,Female,PhD,Software Engineer,Conflict Resolution,1,16,7,3,14,3.2,220.0
2,23,Other,High School,Student,Leadership,8,21,4,7,1,10.0,25.0
3,32,Male,High School,Data Scientist,Leadership,10,46,9,7,5,10.0,0.0
4,34,Male,High School,Manager,Writing Skills,6,34,10,10,8,10.0,66.7
5,30,Male,Bachelor's,Data Scientist,Writing Skills,5,33,6,6,12,9.5,90.0
6,27,Male,PhD,Manager,Persuasive Speaking,10,23,3,7,2,10.0,0.0
7,32,Male,High School,Software Engineer,Emotional Intelligence,9,15,5,2,12,10.0,11.1
8,24,Male,PhD,Student,Persuasive Speaking,2,38,5,9,5,7.6,280.0
9,26,Male,Bachelor's,Manager,Conflict Resolution,5,11,5,10,5,8.1,62.0
10,29,Female,High School,Manager,Persuasive Speaking,6,48,8,10,13,10.0,66.7
11,22,Other,Master's,Manager,Communication,7,38,9,1,9,10.0,42.9
12,26,Male,Bachelor's,Manager,Conflict Resolution,5,24,9,1,10,7.6,52.0
13,30,Female,Master's,Student,Writing Skills,9,42,6,3,1,10.0,11.1
14,30,Female,PhD,Student,Leadership,1,28,6,3,3,4.4,340.0
15,27,Other,PhD,Software Engineer,Writing Skills,7,14,9,1,18,8.6,22.9
16,24,Male,Bachelor's,Student,Emotional Intelligence,10,36,4,7,12,10.0,0.0
17,23,Other,PhD,Manager,Conflict Resolution,7,19,6,4,3,9.7,38.6
18,27,Male,Master's,Software Engineer,Conflict Resolution,4,41,4,10,9,10.0,150.0
19,27,Female,High School,Software Engineer,Communication,9,24,1,2,2,10.0,11.1
20,22,Female,High School,Software Engineer,Emotional Intelligence,5,7,7,10,3,7.7,54.0
21,25,Female,High School,Manager,Leadership,4,41,10,5,14,9.1,127.5
22,24,Female,Bachelor's,Data Scientist,Critical Thinking,7,44,6,6,4,10.0,42.9
23,21,Other,PhD,Manager,Conflict Resolution,4,12,9,9,19,7.0,75.0
24,27,Male,Master's,Student,Conflict Resolution,3,44,7,4,13,8.2,173.3
25,31,Male,PhD,Student,Communication,9,48,7,2,7,10.0,11.1
26,33,Other,PhD,Manager,Persuasive Speaking,8,27,2,5,12,10.0,25.0
27,25,Male,PhD,Manager,Leadership,1,44,9,3,3,6.0,500.0
28,21,Female,High School,Software Engineer,Writing Skills,7,15,10,2,9,8.9,27.1
29,35,Male,Master's,Manager,Emotional Intelligence,9,12,9,1,2,10.0,11.1
30,31,Female,Master's,Software Engineer,Conflict Resolution,8,33,6,10,9,10.0,25.0
31,24,Other,PhD,Student,Conflict Resolution,8,34,3,2,12,10.0,25.0
32,20,Male,High School,Software Engineer,Writing Skills,6,14,1,6,12,8.6,43.3
33,31,Other,High School,Manager,Leadership,4,43,4,8,15,9.9,147.5
34,29,Male,Master's,Student,Persuasive Speaking,8,32,3,3,2,10.0,25.0
35,25,Female,High School,Data Scientist,Conflict Resolution,3,40,1,9,18,8.8,193.3
36,32,Other,High School,Software Engineer,Leadership,9,17,3,9,13,10.0,11.1
37,31,Male,High School,Student,Writing Skills,2,36,4,2,14,6.0,200.0
38,28,Female,Bachelor's,Software Engineer,Communication,2,40,8,8,5,7.6,280.0
39,20,Other,PhD,Student,Persuasive Speaking,7,41,9,10,10,10.0,42.9
40,30,Other,Master's,Student,Emotional Intelligence,10,30,3,5,12,10.0,0.0
41,30,Male,Master's,Software Engineer,Conflict Resolution,4,26,6,4,10,7.4,85.0
42,34,Male,Bachelor's,Data Scientist,Leadership,10,8,10,10,11,10.0,0.0
43,29,Male,PhD,Student,Communication,8,35,5,5,2,10.0,25.0
44,35,Female,Master's,Student,Emotional Intelligence,9,22,6,4,5,10.0,11.1
45,31,Male,High School,Student,Critical Thinking,7,42,4,8,7,10.0,42.9
46,31,Other,Master's,Data Scientist,Leadership,5,28,10,4,6,8.6,72.0
47,35,Other,High School,Data Scientist,Leadership,8,27,6,10,3,10.0,25.0
48,34,Male,Bachelor's,Manager,Emotional Intelligence,4,26,7,6,13,7.8,95.0
49,33,Male,High School,Software Engineer,Communication,2,6,9,2,3,3.0,50.0
50,33,Other,Master's,Data Scientist,Critical Thinking,6,35,10,5,6,10.0,66.7
51,34,Female,Master's,Software Engineer,Writing Skills,9,15,7,6,11,10.0,11.1
52,33,Male,Master's,Manager,Communication,1,32,6,5,17,5.2,420.0
53,22,Male,Bachelor's,Software Engineer,Persuasive Speaking,10,36,1,2,10,10.0,0.0
54,31,Other,Bachelor's,Data Scientist,Conflict Resolution,7,9,2,7,12,9.3,32.9
55,26,Male,PhD,Software Engineer,Emotional Intelligence,10,42,1,4,17,10.0,0.0
56,23,Female,Master's,Data Scientist,Writing Skills,9,14,9,8,4,10.0,11.1
57,35,Other,High School,Software Engineer,Critical Thinking,10,44,10,7,2,10.0,0.0
58,28,Male,Bachelor's,Data Scientist,Emotional Intelligence,9,28,10,7,11,10.0,11.1
59,22,Other,Master's,Data Scientist,Emotional Intelligence,10,39,9,9,7,10.0,0.0
60,24,Male,Master's,Software Engineer,Communication,3,48,7,1,2,8.0,166.7
61,22,Male,Bachelor's,Manager,Conflict Resolution,5,27,2,10,18,9.7,94.0
62,26,Male,PhD,Student,Persuasive Speaking,8,21,6,6,4,10.0,25.0
63,24,Female,Bachelor's,Manager,Leadership,8,5,4,6,8,9.7,21.2
64,28,Female,Bachelor's,Software Engineer,Leadership,4,35,1,6,14,8.7,117.5
65,26,Other,High School,Manager,Emotional Intelligence,1,35,1,6,12,5.7,470.0
66,21,Male,High School,Data Scientist,Conflict Resolution,1,46,5,10,18,7.6,660.0
67,23,Male,PhD,Student,Critical Thinking,4,46,2,7,11,10.0,150.0
68,28,Female,Master's,Software Engineer,Critical Thinking,6,38,4,10,8,10.0,66.7
69,31,Male,Bachelor's,Software Engineer,Writing Skills,8,13,1,6,2,10.0,25.0
70,33,Female,PhD,Software Engineer,Communication,6,26,4,1,15,8.8,46.7
71,21,Male,High School,Student,Conflict Resolution,9,17,6,3,9,10.0,11.1
72,29,Other,Bachelor's,Data Scientist,Conflict Resolution,9,29,10,2,19,10.0,11.1
73,28,Male,Master's,Software Engineer,Communication,2,22,4,6,8,5.4,170.0
74,29,Male,High School,Manager,Critical Thinking,10,16,1,8,19,10.0,0.0
75,24,Female,High School,Software Engineer,Critical Thinking,1,44,7,3,5,6.0,500.0
76,21,Male,High School,Software Engineer,Critical Thinking,2,21,2,10,11,6.1,205.0
77,23,Male,PhD,Software Engineer,Emotional Intelligence,5,19,9,8,15,8.5,70.0
78,31,Female,Master's,Software Engineer,Conflict Resolution,4,46,3,8,8,10.0,150.0
79,34,Other,Bachelor's,Data Scientist,Leadership,4,19,8,5,19,6.9,72.5
80,31,Other,PhD,Manager,Communication,9,19,8,8,8,10.0,11.1
81,26,Female,PhD,Data Scientist,Critical Thinking,8,43,3,6,19,10.0,25.0
82,31,Female,PhD,Manager,Writing Skills,6,17,4,5,18,8.7,45.0
83,32,Female,High School,Software Engineer,Critical Thinking,1,21,2,9,10,4.9,390.0
84,27,Female,Master's,Student,Critical Thinking,2,36,4,7,7,7.0,250.0
85,34,Female,PhD,Data Scientist,Persuasive Speaking,6,13,9,8,9,8.9,48.3
86,22,Other,Bachelor's,Student,Emotional Intelligence,2,44,2,1,1,6.6,230.0
87,33,Other,Master's,Data Scientist,Communication,10,24,3,2,19,10.0,0.0
88,20,Female,Bachelor's,Software Engineer,Persuasive Speaking,5,30,4,8,5,9.6,92.0
89,23,Male,Master's,Data Scientist,Persuasive Speaking,5,31,5,9,19,9.9,98.0
90,21,Female,Bachelor's,Software Engineer,Writing Skills,6,25,1,4,1,9.3,55.0
91,27,Male,High School,Data Scientist,Conflict Resolution,6,22,7,10,15,10.0,66.7
92,23,Female,PhD,Software Engineer,Writing Skills,6,17,10,10,16,9.7,61.7
93,21,Female,Bachelor's,Software Engineer,Conflict Resolution,2,20,7,9,7,5.8,190.0
94,33,Other,Master's,Manager,Conflict Resolution,10,13,9,4,12,10.0,0.0
95,25,Male,PhD,Software Engineer,Communication,3,16,4,10,8,6.6,120.0
96,25,Male,PhD,Manager,Critical Thinking,6,48,6,10,5,10.0,66.7
97,29,Other,Master's,Software Engineer,Communication,8,42,2,10,10,10.0,25.0
98,23,Other,Bachelor's,Student,Emotional Intelligence,1,23,4,9,5,5.1,410.0
99,25,Other,High School,Software Engineer,Conflict Resolution,1,11,2,7,17,3.5,250.0
100,32,Other,High School,Student,Persuasive Speaking,2,39,10,2,5,6.3,215.0
101,34,Male,Bachelor's,Student,Critical Thinking,6,22,5,9,15,10.0,66.7
102,21,Male,PhD,Software Engineer,Leadership,9,20,7,4,13,10.0,11.1
103,29,Female,PhD,Student,Emotional Intelligence,4,43,1,8,1,9.9,147.5
104,31,Female,PhD,Manager,Communication,3,8,10,7,11,5.2,73.3
105,21,Other,PhD,Data Scientist,Writing Skills,8,29,10,7,1,10.0,25.0
106,29,Other,Bachelor's,Software Engineer,Emotional Intelligence,10,36,7,8,11,10.0,0.0
107,33,Other,PhD,Student,Emotional Intelligence,9,44,10,1,18,10.0,11.1
108,23,Female,Master's,Software Engineer,Critical Thinking,5,17,6,5,18,7.7,54.0
109,33,Female,PhD,Manager,Emotional Intelligence,9,49,6,2,16,10.0,11.1
110,34,Female,High School,Software Engineer,Emotional Intelligence,2,21,8,2,13,4.5,125.0
111,35,Female,PhD,Software Engineer,Leadership,3,41,8,1,7,7.3,143.3
112,34,Female,Bachelor's,Student,Writing Skills,7,10,6,5,1,9.0,28.6
113,27,Female,High School,Manager,Writing Skills,7,23,3,2,16,9.7,38.6
114,33,Female,Bachelor's,Data Scientist,Writing Skills,6,17,5,4,1,8.5,41.7
115,26,Other,Bachelor's,Data Scientist,Conflict Resolution,6,30,2,3,17,9.6,60.0
116,31,Other,High School,Student,Persuasive Speaking,2,18,5,3,6,4.4,120.0
117,28,Other,Bachelor's,Software Engineer,Writing Skills,10,35,9,2,2,10.0,0.0
118,33,Other,Bachelor's,Student,Emotional Intelligence,6,8,10,6,17,8.0,33.3
119,27,Female,PhD,Student,Emotional Intelligence,4,43,1,2,6,8.7,117.5
120,24,Male,Master's,Student,Writing Skills,3,12,10,8,14,5.8,93.3
121,35,Female,Bachelor's,Software Engineer,Critical Thinking,2,29,5,8,18,6.5,225.0
122,32,Male,Bachelor's,Manager,Writing Skills,1,17,6,5,6,3.7,270.0
123,21,Other,Bachelor's,Student,Emotional Intelligence,5,36,7,10,10,10.0,100.0
124,34,Female,PhD,Software Engineer,Conflict Resolution,2,42,9,7,18,7.6,280.0
125,24,Other,Master's,Manager,Communication,2,42,6,4,9,7.0,250.0
126,27,Female,High School,Student,Communication,7,32,5,1,8,10.0,42.9
127,29,Other,PhD,Data Scientist,Writing Skills,8,34,7,2,10,10.0,25.0
128,28,Male,PhD,Manager,Leadership,10,7,1,10,17,10.0,0.0
129,31,Male,Master's,Student,Writing Skills,8,32,5,10,6,10.0,25.0
130,31,Male,Master's,Manager,Critical Thinking,4,7,2,4,14,5.5,37.5
131,31,Female,PhD,Manager,Writing Skills,1,49,4,1,6,6.1,510.0
132,32,Male,High School,Manager,Communication,7,38,7,8,7,10.0,42.9
133,28,Female,PhD,Manager,Emotional Intelligence,1,20,5,9,12,4.8,380.0
134,32,Male,Master's,Manager,Writing Skills,4,26,6,4,3,7.4,85.0
135,34,Male,High School,Manager,Emotional Intelligence,8,36,2,10,14,10.0,25.0
136,32,Female,Master's,Student,Emotional Intelligence,2,42,3,3,19,6.8,240.0
137,20,Female,High School,Data Scientist,Leadership,6,12,7,2,16,7.6,26.7
138,28,Male,Bachelor's,Software Engineer,Emotional Intelligence,6,12,2,5,7,8.2,36.7
139,26,Female,Master's,Manager,Communication,9,10,6,3,8,10.0,11.1
140,28,Male,Master's,Software Engineer,Conflict Resolution,5,18,5,10,18,8.8,76.0
141,27,Female,PhD,Student,Conflict Resolution,10,36,10,7,13,10.0,0.0
142,20,Other,Master's,Manager,Persuasive Speaking,4,39,1,6,9,9.1,127.5
143,31,Other,Master's,Data Scientist,Critical Thinking,5,14,10,1,10,6.6,32.0
144,27,Other,Bachelor's,Software Engineer,Writing Skills,10,7,4,8,9,10.0,0.0
145,27,Other,Master's,Manager,Critical Thinking,5,16,2,2,15,7.0,40.0
146,34,Other,Bachelor's,Student,Communication,8,35,4,5,2,10.0,25.0
147,30,Male,Bachelor's,Data Scientist,Emotional Intelligence,10,33,1,9,13,10.0,0.0
148,22,Other,Bachelor's,Software Engineer,Conflict Resolution,8,9,2,8,2,10.0,25.0
149,20,Other,Bachelor's,Software Engineer,Critical Thinking,2,29,8,2,19,5.3,165.0
150,27,Other,High School,Manager,Communication,7,45,6,9,2,10.0,42.9
151,22,Other,PhD,Data Scientist,Conflict Resolution,8,35,2,5,3,10.0,25.0
152,22,Female,High School,Data Scientist,Emotional Intelligence,6,25,6,10,6,10.0,66.7
153,20,Male,Master's,Data Scientist,Critical Thinking,5,24,10,6,3,8.6,72.0
154,30,Other,High School,Data Scientist,Conflict Resolution,9,43,9,3,10,10.0,11.1
155,24,Other,High School,Student,Writing Skills,3,26,7,3,6,6.2,106.7
156,29,Other,Master's,Data Scientist,Writing Skills,10,8,9,10,16,10.0,0.0
157,26,Male,Master's,Software Engineer,Persuasive Speaking,4,17,5,8,17,7.3,82.5
158,29,Female,Master's,Software Engineer,Persuasive Speaking,9,49,7,10,19,10.0,11.1
159,28,Male,High School,Student,Conflict Resolution,6,46,7,10,3,10.0,66.7
160,31,Female,High School,Software Engineer,Communication,8,24,3,2,18,10.0,25.0
161,26,Other,Master's,Software Engineer,Writing Skills,7,17,7,2,7,9.1,30.0
162,28,Other,PhD,Data Scientist,Communication,2,21,1,5,9,5.1,155.0
163,27,Male,PhD,Software Engineer,Communication,3,40,9,6,12,8.2,173.3
164,31,Male,Bachelor's,Student,Conflict Resolution,1,37,10,2,5,5.1,410.0
165,21,Female,Master's,Data Scientist,Communication,9,5,6,5,3,10.0,11.1
166,20,Female,Bachelor's,Manager,Writing Skills,7,19,5,7,11,10.0,42.9
167,35,Male,PhD,Data Scientist,Emotional Intelligence,1,17,7,10,4,4.7,370.0
168,26,Female,Bachelor's,Student,Persuasive Speaking,3,21,5,10,5,7.1,136.7
169,26,Male,Master's,Data Scientist,Emotional Intelligence,4,28,10,8,1,8.4,110.0
170,33,Female,Master's,Data Scientist,Communication,4,12,5,7,18,6.6,65.0
171,27,Male,Master's,Student,Emotional Intelligence,5,31,10,8,12,9.7,94.0
172,24,Male,High School,Data Scientist,Writing Skills,3,49,7,9,13,9.7,223.3
173,22,Male,Bachelor's,Student,Writing Skills,3,27,10,5,9,6.7,123.3
174,31,Female,PhD,Student,Communication,1,12,7,5,2,3.2,220.0
175,27,Female,PhD,Manager,Conflict Resolution,7,12,3,10,5,10.0,42.9
176,25,Female,PhD,Software Engineer,Emotional Intelligence,10,30,3,4,13,10.0,0.0
177,30,Male,High School,Software Engineer,Conflict Resolution,1,17,10,9,16,4.5,350.0
178,22,Female,High School,Data Scientist,Conflict Resolution,2,43,3,5,16,7.3,265.0
179,20,Female,Master's,Data Scientist,Leadership,4,41,6,2,3,8.5,112.5
180,22,Male,PhD,Manager,Communication,4,32,6,10,4,9.2,130.0
181,24,Other,High School,Manager,Persuasive Speaking,5,29,3,8,11,9.5,90.0
182,34,Male,Master's,Manager,Writing Skills,2,20,3,7,14,5.4,170.0
183,33,Female,PhD,Student,Writing Skills,4,6,8,8,3,6.2,55.0
184,22,Male,Bachelor's,Manager,Communication,1,22,8,3,16,3.8,280.0
185,20,Other,Master's,Manager,Critical Thinking,2,21,7,4,15,4.9,145.0
186,24,Male,High School,Data Scientist,Critical Thinking,1,34,10,5,10,5.4,440.0
187,29,Female,High School,Manager,Critical Thinking,10,43,4,6,9,10.0,0.0
188,26,Other,Master's,Student,Persuasive Speaking,10,17,4,1,11,10.0,0.0
189,34,Female,Master's,Student,Writing Skills,4,36,3,4,16,8.4,110.0
190,33,Other,High School,Data Scientist,Communication,4,33,5,10,10,9.3,132.5
191,26,Other,Bachelor's,Manager,Writing Skills,7,34,3,5,17,10.0,42.9
192,30,Male,PhD,Manager,Conflict Resolution,10,22,8,7,19,10.0,0.0
193,28,Male,Bachelor's,Student,Emotional Intelligence,9,17,7,5,2,10.0,11.1
194,34,Female,Master's,Manager,Emotional Intelligence,9,47,3,1,2,10.0,11.1
195,34,Male,Bachelor's,Manager,Writing Skills,5,25,9,7,6,8.9,78.0
196,29,Male,High School,Manager,Leadership,10,34,5,8,19,10.0,0.0
197,29,Other,Master's,Software Engineer,Persuasive Speaking,1,25,9,7,8,4.9,390.0
198,31,Male,PhD,Data Scientist,Critical Thinking,1,21,7,4,3,3.9,290.0
199,32,Other,High School,Software Engineer,Persuasive Speaking,6,44,7,8,14,10.0,66.7
200,22,Other,High School,Data Scientist,Persuasive Speaking,2,23,6,5,16,5.3,165.0
201,34,Other,PhD,Student,Conflict Resolution,8,19,2,10,1,10.0,25.0
202,35,Female,PhD,Manager,Persuasive Speaking,9,13,9,9,3,10.0,11.1
203,26,Female,Bachelor's,Data Scientist,Emotional Intelligence,4,14,6,10,18,7.4,85.0
204,20,Female,Master's,Software Engineer,Conflict Resolution,5,48,8,5,9,10.0,100.0
205,23,Other,PhD,Manager,Communication,8,35,1,1,6,10.0,25.0
206,32,Female,PhD,Student,Persuasive Speaking,3,27,5,9,1,7.5,150.0
207,35,Female,Master's,Data Scientist,Persuasive Speaking,5,34,1,5,10,9.4,88.0
208,23,Male,PhD,Data Scientist,Communication,3,37,10,6,6,7.9,163.3
209,33,Female,PhD,Data Scientist,Persuasive Speaking,10,13,8,4,12,10.0,0.0
210,24,Female,Bachelor's,Manager,Communication,3,5,8,6,4,4.7,56.7
211,26,Other,High School,Software Engineer,Conflict Resolution,3,48,1,8,13,9.4,213.3
212,26,Other,High School,Software Engineer,Emotional Intelligence,7,39,9,3,17,10.0,42.9
213,32,Other,High School,Data Scientist,Communication,7,15,2,5,8,9.5,35.7
214,34,Other,High School,Student,Leadership,7,38,9,2,3,10.0,42.9
215,30,Other,PhD,Student,Communication,10,20,1,2,12,10.0,0.0
216,32,Other,Master's,Software Engineer,Persuasive Speaking,8,13,10,7,7,10.0,25.0
217,23,Female,Master's,Student,Critical Thinking,5,36,9,10,12,10.0,100.0
218,32,Other,Bachelor's,Software Engineer,Critical Thinking,5,19,4,10,2,8.9,78.0
219,35,Other,Bachelor's,Data Scientist,Conflict Resolution,4,16,9,10,14,7.6,90.0
220,26,Male,PhD,Software Engineer,Writing Skills,7,37,7,6,5,10.0,42.9
221,30,Female,Master's,Software Engineer,Conflict Resolution,10,49,6,4,9,10.0,0.0
222,22,Female,Master's,Data Scientist,Writing Skills,4,18,5,5,11,6.8,70.0
223,25,Female,High School,Student,Critical Thinking,2,12,9,1,5,3.4,70.0
224,31,Other,PhD,Software Engineer,Critical Thinking,4,12,2,7,3,6.6,65.0
225,21,Other,PhD,Software Engineer,Communication,8,31,2,8,17,10.0,25.0
226,29,Other,High School,Data Scientist,Emotional Intelligence,9,16,9,9,2,10.0,11.1
227,32,Male,PhD,Student,Leadership,3,5,3,8,1,5.1,70.0
228,33,Other,PhD,Software Engineer,Conflict Resolution,7,47,8,5,7,10.0,42.9
229,28,Male,Bachelor's,Data Scientist,Persuasive Speaking,9,44,9,3,14,10.0,11.1
230,24,Female,Master's,Software Engineer,Writing Skills,4,46,8,10,5,10.0,150.0
231,25,Other,PhD,Manager,Persuasive Speaking,10,15,4,9,19,10.0,0.0
232,31,Male,Bachelor's,Data Scientist,Emotional Intelligence,3,43,1,6,11,8.5,183.3
233,31,Male,Master's,Student,Writing Skills,5,47,4,5,2,10.0,100.0
234,31,Other,High School,Student,Conflict Resolution,1,35,9,3,8,5.1,410.0
235,31,Female,Bachelor's,Student,Communication,3,21,2,6,9,6.3,110.0
236,23,Female,Bachelor's,Student,Persuasive Speaking,8,37,3,3,3,10.0,25.0
237,33,Female,Master's,Software Engineer,Emotional Intelligence,8,36,10,10,2,10.0,25.0
238,33,Male,High School,Software Engineer,Conflict Resolution,4,33,8,6,7,8.5,112.5
239,30,Male,Bachelor's,Student,Critical Thinking,2,25,6,4,5,5.3,165.0
240,35,Male,PhD,Student,Critical Thinking,8,25,8,2,5,10.0,25.0
241,29,Male,PhD,Student,Conflict Resolution,8,44,7,8,13,10.0,25.0
242,26,Female,PhD,Software Engineer,Conflict Resolution,10,27,5,4,6,10.0,0.0
243,31,Other,High School,Student,Conflict Resolution,4,10,9,9,18,6.8,70.0
244,28,Male,Bachelor's,Student,Writing Skills,3,26,4,7,2,7.0,133.3
245,26,Male,PhD,Manager,Conflict Resolution,2,42,6,2,6,6.6,230.0
246,33,Female,High School,Manager,Persuasive Speaking,9,41,2,4,9,10.0,11.1
247,20,Other,PhD,Student,Emotional Intelligence,1,49,2,5,3,6.9,590.0
248,20,Other,Master's,Data Scientist,Writing Skills,7,12,2,3,1,8.8,25.7
249,28,Female,Bachelor's,Student,Conflict Resolution,5,45,10,9,1,10.0,100.0
250,30,Female,Bachelor's,Manager,Leadership,8,39,7,5,19,10.0,25.0
251,33,Other,High School,Data Scientist,Leadership,4,15,2,2,5,5.9,47.5
252,28,Male,High School,Data Scientist,Emotional Intelligence,7,28,2,3,13,10.0,42.9
253,23,Other,Bachelor's,Student,Critical Thinking,5,25,9,9,19,9.3,86.0
254,32,Female,PhD,Manager,Communication,5,6,7,7,12,7.0,40.0
255,28,Male,PhD,Manager,Communication,9,44,3,2,16,10.0,11.1
256,22,Male,Master's,Data Scientist,Critical Thinking,9,23,3,9,19,10.0,11.1
257,26,Female,PhD,Student,Writing Skills,9,43,7,4,3,10.0,11.1
258,25,Female,High School,Software Engineer,Writing Skills,6,32,5,9,12,10.0,66.7
259,27,Female,High School,Software Engineer,Writing Skills,6,21,10,2,5,8.5,41.7
260,30,Other,PhD,Manager,Communication,5,10,6,10,2,8.0,60.0
261,28,Other,High School,Software Engineer,Leadership,9,23,8,4,7,10.0,11.1
262,33,Male,Bachelor's,Manager,Communication,10,42,9,5,13,10.0,0.0
263,24,Female,Bachelor's,Manager,Persuasive Speaking,8,32,1,2,15,10.0,25.0
264,20,Male,PhD,Manager,Conflict Resolution,7,6,3,10,3,9.6,37.1
265,22,Male,Bachelor's,Software Engineer,Writing Skills,7,42,7,1,5,10.0,42.9
266,29,Male,Bachelor's,Manager,Leadership,6,41,6,7,8,10.0,66.7
267,31,Male,Master's,Data Scientist,Emotional Intelligence,5,8,7,10,1,7.8,56.0
268,27,Female,Master's,Student,Emotional Intelligence,4,26,8,1,8,6.8,70.0
269,34,Male,Bachelor's,Student,Conflict Resolution,3,30,6,8,18,7.6,153.3
270,30,Female,PhD,Manager,Leadership,3,47,3,3,16,8.3,176.7
271,25,Female,Master's,Student,Communication,6,40,2,10,18,10.0,66.7
272,35,Other,High School,Software Engineer,Communication,4,17,7,6,12,6.9,72.5
273,35,Female,High School,Software Engineer,Persuasive Speaking,6,36,1,7,13,10.0,66.7
274,27,Other,High School,Student,Persuasive Speaking,3,21,3,10,13,7.1,136.7
275,28,Female,PhD,Software Engineer,Communication,4,45,4,1,10,8.7,117.5
276,23,Female,Bachelor's,Student,Emotional Intelligence,9,40,1,6,7,10.0,11.1
277,20,Female,High School,Student,Writing Skills,5,23,5,7,14,8.7,74.0
278,33,Other,PhD,Student,Emotional Intelligence,7,39,10,6,16,10.0,42.9
279,20,Other,Master's,Manager,Persuasive Speaking,10,44,3,4,15,10.0,0.0
280,29,Male,Bachelor's,Student,Conflict Resolution,2,32,2,1,12,5.4,170.0
281,23,Other,Master's,Manager,Communication,5,5,3,9,9,7.3,46.0
282,31,Other,PhD,Student,Persuasive Speaking,9,46,8,4,8,10.0,11.1
283,33,Other,High School,Student,Persuasive Speaking,3,22,6,7,18,6.6,120.0
284,26,Other,High School,Student,Writing Skills,9,44,7,7,18,10.0,11.1
285,21,Male,PhD,Software Engineer,Communication,6,37,6,2,13,10.0,66.7
286,22,Other,High School,Manager,Writing Skills,4,16,6,1,18,5.8,45.0
287,20,Female,Bachelor's,Manager,Communication,7,12,3,8,15,9.8,40.0
288,24,Female,PhD,Student,Writing Skills,8,28,8,8,4,10.0,25.0
289,20,Other,Master's,Student,Emotional Intelligence,6,20,7,7,17,9.4,56.7
290,27,Other,PhD,Software Engineer,Conflict Resolution,5,8,7,8,5,7.4,48.0
291,20,Female,Bachelor's,Software Engineer,Conflict Resolution,6,42,6,3,16,10.0,66.7
292,30,Female,Bachelor's,Software Engineer,Communication,5,48,5,2,9,10.0,100.0
293,20,Male,PhD,Manager,Leadership,8,31,10,7,10,10.0,25.0
294,21,Female,PhD,Manager,Critical Thinking,1,13,8,8,18,3.9,290.0
295,21,Female,High School,Manager,Persuasive Speaking,7,20,5,1,17,9.2,31.4
296,31,Other,Bachelor's,Student,Persuasive Speaking,10,16,9,10,18,10.0,0.0
297,25,Female,PhD,Manager,Communication,10,35,9,9,7,10.0,0.0
298,26,Male,PhD,Data Scientist,Writing Skills,2,28,1,4,4,5.6,180.0
299,24,Female,Bachelor's,Data Scientist,Leadership,9,18,6,4,5,10.0,11.1
300,35,Other,PhD,Software Engineer,Emotional Intelligence,1,49,7,3,16,6.5,550.0
301,20,Other,High School,Manager,Writing Skills,10,29,3,6,3,10.0,0.0
302,20,Female,Bachelor's,Data Scientist,Writing Skills,6,38,7,1,18,10.0,66.7
303,22,Other,High School,Software Engineer,Communication,9,7,7,6,14,10.0,11.1
304,33,Male,High School,Manager,Communication,1,28,2,2,15,4.2,320.0
305,21,Male,High School,Student,Persuasive Speaking,4,46,7,9,17,10.0,150.0
306,24,Female,High School,Data Scientist,Communication,4,13,1,2,1,5.7,42.5
307,31,Female,Bachelor's,Student,Communication,9,30,5,7,17,10.0,11.1
308,29,Female,High School,Manager,Communication,5,24,9,1,11,7.6,52.0
309,35,Other,High School,Data Scientist,Persuasive Speaking,5,44,7,7,17,10.0,100.0
310,25,Male,PhD,Manager,Emotional Intelligence,6,14,7,5,14,8.4,40.0
311,35,Male,Bachelor's,Student,Emotional Intelligence,1,23,2,8,19,4.9,390.0
312,26,Other,Bachelor's,Data Scientist,Critical Thinking,1,7,8,4,7,2.5,150.0
313,23,Male,Master's,Student,Critical Thinking,9,28,3,10,13,10.0,11.1
314,26,Female,Bachelor's,Manager,Communication,3,9,8,7,18,5.3,76.7
315,30,Female,Bachelor's,Manager,Critical Thinking,4,7,3,6,14,5.9,47.5
316,27,Female,Master's,Student,Persuasive Speaking,1,31,10,5,1,5.1,410.0
317,30,Male,Bachelor's,Data Scientist,Emotional Intelligence,9,20,7,4,7,10.0,11.1
318,20,Female,Bachelor's,Student,Writing Skills,8,19,2,7,8,10.0,25.0
319,34,Other,Bachelor's,Manager,Emotional Intelligence,2,39,4,5,18,6.9,245.0
320,25,Other,Bachelor's,Student,Emotional Intelligence,8,16,6,5,9,10.0,25.0
321,27,Male,Master's,Manager,Persuasive Speaking,7,45,9,1,1,10.0,42.9
322,24,Other,Bachelor's,Student,Critical Thinking,6,48,5,2,17,10.0,66.7
323,23,Other,Bachelor's,Data Scientist,Writing Skills,1,30,9,5,19,5.0,400.0
324,21,Male,Master's,Data Scientist,Persuasive Speaking,7,38,5,3,6,10.0,42.9
325,25,Female,PhD,Student,Communication,10,27,10,2,3,10.0,0.0
326,25,Female,High School,Student,Conflict Resolution,7,35,8,4,5,10.0,42.9
327,30,Female,PhD,Data Scientist,Emotional Intelligence,9,24,1,4,2,10.0,11.1
328,34,Male,Master's,Manager,Conflict Resolution,1,16,7,4,4,3.4,240.0
329,35,Other,High School,Data Scientist,Persuasive Speaking,2,27,4,4,10,5.5,175.0
330,35,Female,Master's,Manager,Persuasive Speaking,9,8,5,3,10,10.0,11.1
331,20,Female,Master's,Student,Persuasive Speaking,9,27,6,7,11,10.0,11.1
332,28,Male,Bachelor's,Student,Conflict Resolution,6,5,5,9,16,8.3,38.3
333,31,Female,High School,Manager,Persuasive Speaking,6,29,1,5,17,9.9,65.0
334,30,Male,Bachelor's,Student,Communication,4,6,9,4,16,5.4,35.0
335,25,Other,High School,Manager,Persuasive Speaking,4,34,2,2,7,7.8,95.0
336,35,Male,Master's,Software Engineer,Leadership,5,7,9,2,16,6.1,22.0
337,32,Male,Master's,Data Scientist,Critical Thinking,3,25,10,5,3,6.5,116.7
338,22,Male,PhD,Software Engineer,Conflict Resolution,1,29,2,7,16,5.3,430.0
339,23,Male,High School,Manager,Leadership,1,24,9,10,8,5.4,440.0
340,31,Other,Bachelor's,Data Scientist,Persuasive Speaking,7,26,6,10,12,10.0,42.9
341,30,Other,PhD,Manager,Communication,1,25,9,9,3,5.3,430.0
342,23,Female,PhD,Data Scientist,Emotional Intelligence,1,37,6,7,17,6.1,510.0
343,22,Other,PhD,Data Scientist,Writing Skills,3,42,6,5,18,8.2,173.3
344,29,Other,Bachelor's,Data Scientist,Critical Thinking,10,19,2,10,11,10.0,0.0
345,22,Female,PhD,Data Scientist,Writing Skills,4,19,8,10,4,7.9,97.5
346,34,Other,Bachelor's,Manager,Persuasive Speaking,4,29,3,10,16,8.9,122.5
347,22,Male,PhD,Data Scientist,Critical Thinking,2,25,7,6,17,5.7,185.0
348,23,Male,Bachelor's,Data Scientist,Critical Thinking,1,28,5,3,9,4.4,340.0
349,35,Female,Master's,Software Engineer,Communication,3,9,3,5,6,4.9,63.3
350,26,Female,Master's,Student,Critical Thinking,4,10,1,8,2,6.6,65.0
351,23,Female,Master's,Student,Conflict Resolution,3,47,8,1,9,7.9,163.3
352,28,Male,Master's,Software Engineer,Leadership,8,48,3,1,6,10.0,25.0
353,20,Other,Master's,Software Engineer,Leadership,10,27,2,7,3,10.0,0.0
354,27,Male,PhD,Manager,Leadership,1,8,1,5,6,2.8,180.0
355,35,Female,PhD,Manager,Conflict Resolution,2,31,4,5,7,6.1,205.0
356,26,Other,PhD,Manager,Writing Skills,7,22,8,1,1,9.4,34.3
357,21,Other,Bachelor's,Software Engineer,Communication,4,25,3,9,1,8.3,107.5
358,27,Male,Bachelor's,Software Engineer,Critical Thinking,8,32,1,1,5,10.0,25.0
359,20,Female,Bachelor's,Data Scientist,Conflict Resolution,3,39,4,5,6,7.9,163.3
360,30,Male,Bachelor's,Manager,Leadership,6,26,9,10,13,10.0,66.7
361,31,Other,Master's,Manager,Persuasive Speaking,9,44,1,9,2,10.0,11.1
362,28,Male,Master's,Manager,Emotional Intelligence,1,27,2,4,15,4.5,350.0
363,28,Male,Master's,Student,Critical Thinking,1,7,9,8,15,3.3,230.0
364,21,Female,High School,Data Scientist,Conflict Resolution,8,44,2,6,13,10.0,25.0
365,26,Female,PhD,Manager,Conflict Resolution,3,14,3,3,14,5.0,66.7
366,34,Other,Bachelor's,Manager,Communication,5,29,7,4,7,8.7,74.0
367,33,Male,Bachelor's,Manager,Communication,1,12,3,2,14,2.6,160.0
368,29,Male,Master's,Student,Conflict Resolution,5,15,9,1,10,6.7,34.0
369,22,Male,Bachelor's,Student,Leadership,6,9,6,8,17,8.5,41.7
370,26,Other,Bachelor's,Software Engineer,Emotional Intelligence,8,49,3,1,14,10.0,25.0
371,31,Other,PhD,Data Scientist,Critical Thinking,3,41,9,1,8,7.3,143.3
372,35,Female,Master's,Software Engineer,Communication,3,49,1,4,4,8.7,190.0
373,29,Female,PhD,Data Scientist,Critical Thinking,10,42,10,10,16,10.0,0.0
374,35,Female,High School,Student,Leadership,9,33,3,10,13,10.0,11.1
375,28,Male,High School,Manager,Critical Thinking,4,9,1,6,18,6.1,52.5
376,23,Male,High School,Software Engineer,Persuasive Speaking,4,13,2,9,14,7.1,77.5
377,31,Female,Master's,Manager,Communication,7,6,8,1,18,7.8,11.4
378,20,Male,Bachelor's,Software Engineer,Leadership,2,5,7,7,5,3.9,95.0
379,21,Female,Master's,Student,Leadership,8,44,2,10,9,10.0,25.0
380,20,Other,Master's,Student,Emotional Intelligence,6,34,2,5,3,10.0,66.7
381,35,Female,Bachelor's,Student,Emotional Intelligence,3,15,9,8,8,6.1,103.3
382,33,Other,PhD,Software Engineer,Persuasive Speaking,9,32,6,7,10,10.0,11.1
383,31,Male,High School,Data Scientist,Leadership,5,48,5,4,19,10.0,100.0
384,24,Female,PhD,Software Engineer,Writing Skills,8,16,10,4,3,10.0,25.0
385,24,Male,High School,Data Scientist,Leadership,7,43,6,6,11,10.0,42.9
386,35,Other,Master's,Software Engineer,Emotional Intelligence,8,30,9,6,11,10.0,25.0
387,30,Other,High School,Software Engineer,Writing Skills,7,17,7,9,17,10.0,42.9
388,26,Other,Master's,Student,Communication,3,12,10,5,16,5.2,73.3
389,28,Male,PhD,Manager,Communication,2,32,10,8,7,6.8,240.0
390,28,Male,Master's,Manager,Critical Thinking,7,34,9,5,4,10.0,42.9
391,22,Male,PhD,Data Scientist,Conflict Resolution,3,13,4,2,19,4.7,56.7
392,22,Male,Bachelor's,Manager,Emotional Intelligence,3,43,2,6,12,8.5,183.3
393,35,Other,Bachelor's,Software Engineer,Conflict Resolution,2,35,8,9,15,7.3,265.0
394,35,Other,Bachelor's,Software Engineer,Writing Skills,4,25,4,3,11,7.1,77.5
395,22,Female,Master's,Student,Emotional Intelligence,8,38,9,1,5,10.0,25.0
396,23,Female,Bachelor's,Student,Persuasive Speaking,1,35,4,1,5,4.7,370.0
397,27,Male,High School,Manager,Leadership,1,29,8,3,15,4.5,350.0
398,25,Other,PhD,Data Scientist,Persuasive Speaking,5,16,9,10,18,8.6,72.0
399,27,Other,PhD,Manager,Writing Skills,5,5,9,5,11,6.5,30.0
400,20,Other,High School,Manager,Emotional Intelligence,1,26,10,3,12,4.2,320.0
401,27,Female,Master's,Manager,Writing Skills,6,44,4,9,2,10.0,66.7
402,23,Female,Master's,Manager,Leadership,1,41,1,8,15,6.7,570.0
403,30,Other,PhD,Software Engineer,Communication,5,5,3,3,4,6.1,22.0
404,20,Other,Bachelor's,Data Scientist,Communication,9,5,9,9,18,10.0,11.1
405,27,Other,Master's,Software Engineer,Writing Skills,5,46,4,6,6,10.0,100.0
406,23,Female,Master's,Data Scientist,Conflict Resolution,6,46,5,7,19,10.0,66.7
407,25,Other,High School,Student,Emotional Intelligence,8,25,7,4,11,10.0,25.0
408,27,Other,High School,Manager,Emotional Intelligence,1,19,5,4,2,3.7,270.0
409,23,Male,Bachelor's,Software Engineer,Communication,2,21,4,2,8,4.5,125.0
410,33,Male,Master's,Data Scientist,Critical Thinking,9,26,2,5,11,10.0,11.1
411,22,Female,Master's,Student,Persuasive Speaking,3,42,2,8,5,8.8,193.3
412,35,Other,High School,Student,Critical Thinking,6,39,4,7,18,10.0,66.7
413,33,Other,Master's,Manager,Leadership,5,49,10,7,18,10.0,100.0
414,28,Male,PhD,Data Scientist,Persuasive Speaking,2,20,10,6,14,5.2,160.0
415,22,Female,High School,Software Engineer,Persuasive Speaking,7,12,9,3,10,8.8,25.7
416,28,Male,Bachelor's,Manager,Writing Skills,4,21,8,5,3,7.1,77.5
417,32,Male,High School,Software Engineer,Communication,1,21,3,1,9,3.3,230.0
418,21,Male,Master's,Student,Critical Thinking,4,30,9,7,3,8.4,110.0
419,35,Male,Bachelor's,Software Engineer,Critical Thinking,6,17,5,9,11,9.5,58.3
420,33,Other,High School,Software Engineer,Communication,7,21,3,1,12,9.3,32.9
421,21,Other,PhD,Manager,Critical Thinking,7,42,5,2,12,10.0,42.9
422,21,Male,PhD,Software Engineer,Communication,7,21,10,3,3,9.7,38.6
423,25,Female,High School,Manager,Writing Skills,3,18,4,3,7,5.4,80.0
424,22,Female,PhD,Student,Conflict Resolution,6,49,8,8,14,10.0,66.7
425,35,Female,PhD,Manager,Persuasive Speaking,8,10,5,7,11,10.0,25.0
426,32,Female,PhD,Manager,Writing Skills,4,39,10,6,7,9.1,127.5
427,28,Male,Bachelor's,Data Scientist,Emotional Intelligence,8,18,8,10,10,10.0,25.0
428,23,Other,PhD,Software Engineer,Leadership,2,12,9,10,11,5.2,160.0
429,20,Female,PhD,Student,Conflict Resolution,10,19,4,4,15,10.0,0.0
430,23,Male,PhD,Manager,Emotional Intelligence,9,31,7,9,19,10.0,11.1
431,20,Female,Bachelor's,Student,Persuasive Speaking,9,17,2,1,16,10.0,11.1
432,33,Female,High School,Data Scientist,Critical Thinking,8,35,6,2,12,10.0,25.0
433,24,Male,Master's,Software Engineer,Communication,10,39,8,4,18,10.0,0.0
434,35,Other,PhD,Manager,Persuasive Speaking,10,10,7,3,13,10.0,0.0
435,23,Other,High School,Software Engineer,Writing Skills,1,9,7,1,5,2.1,110.0
436,27,Male,PhD,Data Scientist,Leadership,2,26,8,5,4,5.6,180.0
437,35,Other,Bachelor's,Data Scientist,Writing Skills,6,27,7,7,14,10.0,66.7
438,27,Male,High School,Student,Conflict Resolution,10,29,5,2,8,10.0,0.0
439,26,Male,Bachelor's,Manager,Conflict Resolution,5,38,7,5,9,9.8,96.0
440,22,Male,PhD,Student,Leadership,9,30,10,6,19,10.0,11.1
441,20,Other,PhD,Data Scientist,Emotional Intelligence,5,9,3,7,3,7.3,46.0
442,35,Male,Bachelor's,Software Engineer,Emotional Intelligence,2,30,5,1,5,5.2,160.0
443,20,Female,Master's,Student,Conflict Resolution,10,24,7,7,18,10.0,0.0
444,35,Other,Bachelor's,Student,Conflict Resolution,4,10,9,4,1,5.8,45.0
445,31,Other,PhD,Software Engineer,Critical Thinking,9,10,2,8,8,10.0,11.1
446,30,Other,Bachelor's,Student,Communication,1,22,4,4,19,4.0,300.0
447,22,Other,Master's,Software Engineer,Critical Thinking,1,8,7,6,17,3.0,200.0
448,25,Female,Bachelor's,Manager,Critical Thinking,7,21,1,9,17,10.0,42.9
449,26,Other,Master's,Software Engineer,Emotional Intelligence,3,18,2,5,11,5.8,93.3
450,25,Other,Master's,Manager,Leadership,10,18,9,4,2,10.0,0.0
451,33,Male,Bachelor's,Software Engineer,Emotional Intelligence,2,17,10,8,6,5.3,165.0
452,33,Other,Bachelor's,Data Scientist,Communication,9,11,7,9,14,10.0,11.1
453,25,Female,High School,Data Scientist,Writing Skills,3,48,10,4,3,8.6,186.7
454,25,Female,PhD,Manager,Conflict Resolution,2,19,7,3,12,4.5,125.0
455,32,Female,Master's,Manager,Conflict Resolution,8,23,6,8,4,10.0,25.0
456,22,Female,High School,Data Scientist,Communication,10,47,3,5,12,10.0,0.0
457,25,Other,Bachelor's,Manager,Critical Thinking,6,48,10,2,13,10.0,66.7
458,27,Other,PhD,Software Engineer,Leadership,6,39,3,10,2,10.0,66.7
459,30,Female,High School,Software Engineer,Conflict Resolution,10,21,2,9,2,10.0,0.0
460,30,Female,Master's,Data Scientist,Persuasive Speaking,7,39,6,3,15,10.0,42.9
461,21,Other,High School,Student,Critical Thinking,7,23,4,2,17,9.7,38.6
462,24,Female,Master's,Software Engineer,Conflict Resolution,6,24,5,1,7,8.6,43.3
463,33,Male,Bachelor's,Manager,Persuasive Speaking,4,40,3,8,14,9.6,140.0
464,20,Female,PhD,Student,Communication,9,39,6,3,12,10.0,11.1
465,31,Female,PhD,Student,Communication,6,36,3,7,17,10.0,66.7
466,34,Male,PhD,Software Engineer,Critical Thinking,4,48,8,1,14,9.0,125.0
467,35,Male,Bachelor's,Software Engineer,Conflict Resolution,3,44,9,1,6,7.6,153.3
468,20,Other,Master's,Student,Emotional Intelligence,4,28,4,9,19,8.6,115.0
469,24,Other,Bachelor's,Student,Persuasive Speaking,3,21,9,8,6,6.7,123.3
470,31,Male,PhD,Data Scientist,Leadership,2,11,7,3,18,3.7,85.0
471,32,Male,Bachelor's,Manager,Conflict Resolution,5,47,3,6,5,10.0,100.0
472,35,Other,Bachelor's,Data Scientist,Leadership,2,5,7,3,6,3.1,55.0
473,22,Female,Bachelor's,Software Engineer,Conflict Resolution,6,39,1,4,2,10.0,66.7
474,23,Male,Master's,Data Scientist,Emotional Intelligence,3,36,3,1,8,6.8,126.7
475,22,Other,High School,Data Scientist,Emotional Intelligence,6,40,6,5,15,10.0,66.7
476,35,Female,High School,Data Scientist,Critical Thinking,10,17,4,1,15,10.0,0.0
477,20,Male,Bachelor's,Data Scientist,Critical Thinking,9,10,7,1,11,10.0,11.1
478,35,Female,High School,Manager,Emotional Intelligence,1,18,3,10,1,4.8,380.0
479,20,Other,High School,Manager,Writing Skills,6,41,1,7,18,10.0,66.7
480,31,Male,Bachelor's,Student,Emotional Intelligence,9,19,9,6,12,10.0,11.1
481,31,Female,Bachelor's,Software Engineer,Communication,4,8,6,2,12,5.2,30.0
482,33,Male,PhD,Data Scientist,Communication,2,44,8,2,11,6.8,240.0
483,32,Female,High School,Student,Writing Skills,4,20,3,7,8,7.4,85.0
484,33,Other,Master's,Student,Persuasive Speaking,1,32,8,1,7,4.4,340.0
485,24,Other,Bachelor's,Student,Leadership,3,20,2,2,2,5.4,80.0
486,25,Male,PhD,Manager,Conflict Resolution,10,8,4,8,11,10.0,0.0
487,22,Female,Master's,Data Scientist,Conflict Resolution,9,49,3,6,10,10.0,11.1
488,31,Male,High School,Data Scientist,Writing Skills,10,30,10,2,3,10.0,0.0
489,28,Male,PhD,Software Engineer,Communication,5,32,1,7,10,9.6,92.0
490,24,Female,Bachelor's,Data Scientist,Critical Thinking,6,36,7,4,18,10.0,66.7
491,27,Female,Master's,Data Scientist,Conflict Resolution,3,49,10,2,14,8.3,176.7
492,32,Female,Bachelor's,Student,Communication,5,6,2,6,18,6.8,36.0
493,20,Other,High School,Software Engineer,Persuasive Speaking,8,35,4,9,8,10.0,25.0
494,33,Male,Master's,Data Scientist,Leadership,6,7,9,9,10,8.5,41.7
495,24,Male,High School,Manager,Persuasive Speaking,4,12,6,8,13,6.8,70.0
496,34,Other,High School,Data Scientist,Writing Skills,2,28,8,3,8,5.4,170.0
497,22,Female,PhD,Student,Emotional Intelligence,9,19,2,3,4,10.0,11.1
498,31,Other,Bachelor's,Manager,Emotional Intelligence,1,47,7,2,4,6.1,510.0
499,20,Other,Master's,Student,Emotional Intelligence,1,35,6,5,5,5.5,450.0
500,23,Other,High School,Data Scientist,Persuasive Speaking,4,13,9,4,1,6.1,52.5
501,34,Male,High School,Manager,Conflict Resolution,7,43,7,7,17,10.0,42.9
502,32,Other,Master's,Software Engineer,Leadership,1,49,1,4,2,6.7,570.0
503,24,Male,High School,Software Engineer,Emotional Intelligence,9,6,8,9,8,10.0,11.1
504,35,Male,PhD,Manager,Writing Skills,4,12,10,2,7,5.6,40.0
505,26,Male,PhD,Manager,Writing Skills,3,11,3,6,15,5.3,76.7
506,20,Female,PhD,Student,Emotional Intelligence,1,48,2,7,5,7.2,620.0
507,35,Male,PhD,Manager,Emotional Intelligence,10,43,3,4,2,10.0,0.0
508,22,Male,High School,Student,Leadership,4,46,6,6,7,9.8,145.0
509,35,Female,Master's,Data Scientist,Emotional Intelligence,9,20,3,7,8,10.0,11.1
510,21,Male,Master's,Student,Leadership,10,39,10,4,7,10.0,0.0
511,28,Other,Master's,Manager,Writing Skills,6,34,5,8,7,10.0,66.7
512,29,Other,Master's,Manager,Emotional Intelligence,6,14,6,9,14,9.2,53.3
513,34,Male,Bachelor's,Data Scientist,Persuasive Speaking,1,42,8,1,18,5.4,440.0
514,25,Female,Master's,Manager,Critical Thinking,10,22,7,7,6,10.0,0.0
515,29,Other,Bachelor's,Manager,Persuasive Speaking,2,9,8,9,4,4.7,135.0
516,22,Female,Bachelor's,Software Engineer,Writing Skills,6,33,3,10,10,10.0,66.7
517,27,Female,PhD,Software Engineer,Leadership,2,43,4,5,18,7.3,265.0
518,33,Other,Bachelor's,Data Scientist,Persuasive Speaking,3,38,6,2,12,7.2,140.0
519,27,Female,High School,Student,Leadership,4,47,7,10,16,10.0,150.0
520,21,Other,Bachelor's,Software Engineer,Persuasive Speaking,5,49,9,6,7,10.0,100.0
521,35,Female,PhD,Student,Persuasive Speaking,9,27,1,7,6,10.0,11.1
522,34,Other,Bachelor's,Manager,Leadership,4,9,8,2,5,5.3,32.5
523,25,Male,High School,Software Engineer,Conflict Resolution,9,34,8,2,3,10.0,11.1
524,26,Other,High School,Data Scientist,Persuasive Speaking,10,10,6,10,12,10.0,0.0
525,21,Other,High School,Data Scientist,Emotional Intelligence,3,48,4,10,15,9.8,226.7
526,34,Other,PhD,Data Scientist,Critical Thinking,8,8,3,1,10,9.0,12.5
527,30,Other,PhD,Software Engineer,Writing Skills,1,33,3,4,19,5.1,410.0
528,29,Female,Master's,Student,Conflict Resolution,9,27,6,7,16,10.0,11.1
529,21,Male,PhD,Manager,Leadership,9,10,8,9,11,10.0,11.1
530,29,Other,High School,Student,Conflict Resolution,10,36,7,3,8,10.0,0.0
531,20,Female,High School,Student,Communication,2,46,1,7,3,8.0,300.0
532,27,Male,PhD,Manager,Communication,4,22,6,7,7,7.6,90.0
533,20,Male,Bachelor's,Manager,Persuasive Speaking,8,19,7,7,7,10.0,25.0
534,28,Male,PhD,Software Engineer,Persuasive Speaking,7,44,7,2,14,10.0,42.9
535,30,Male,PhD,Software Engineer,Emotional Intelligence,1,36,9,6,2,5.8,480.0
536,25,Other,High School,Software Engineer,Critical Thinking,5,13,10,2,10,6.7,34.0
537,35,Other,Master's,Software Engineer,Writing Skills,7,41,5,6,19,10.0,42.9
538,26,Female,High School,Software Engineer,Conflict Resolution,4,14,1,10,9,7.4,85.0
539,32,Female,Master's,Manager,Communication,1,24,2,3,16,4.0,300.0
540,29,Female,High School,Student,Persuasive Speaking,9,10,4,2,19,10.0,11.1
541,26,Male,PhD,Software Engineer,Writing Skills,5,7,5,6,18,6.9,38.0
542,29,Male,High School,Software Engineer,Conflict Resolution,2,46,9,2,9,7.0,250.0
543,22,Other,High School,Student,Persuasive Speaking,8,15,1,5,16,10.0,25.0
544,21,Male,High School,Software Engineer,Persuasive Speaking,2,47,3,2,13,7.1,255.0
545,28,Male,PhD,Student,Communication,3,21,5,3,10,5.7,90.0
546,27,Male,PhD,Student,Communication,10,36,3,3,14,10.0,0.0
547,32,Female,PhD,Manager,Persuasive Speaking,1,8,4,6,12,3.0,200.0
548,31,Female,PhD,Data Scientist,Leadership,2,8,3,6,19,4.0,100.0
549,29,Other,Master's,Manager,Persuasive Speaking,7,21,4,10,7,10.0,42.9
550,26,Male,Master's,Data Scientist,Writing Skills,10,45,1,3,15,10.0,0.0
551,28,Male,Bachelor's,Data Scientist,Persuasive Speaking,2,23,8,3,16,4.9,145.0
552,23,Other,PhD,Data Scientist,Emotional Intelligence,6,9,4,1,8,7.1,18.3
553,32,Male,Master's,Software Engineer,Critical Thinking,3,36,7,7,10,8.0,166.7
554,23,Male,High School,Manager,Emotional Intelligence,4,26,2,8,4,8.2,105.0
555,20,Female,PhD,Data Scientist,Emotional Intelligence,8,10,2,2,19,9.4,17.5
556,27,Other,Bachelor's,Student,Leadership,3,39,6,4,19,7.7,156.7
557,35,Other,Bachelor's,Software Engineer,Leadership,10,26,2,10,15,10.0,0.0
558,33,Other,Bachelor's,Manager,Persuasive Speaking,6,5,6,7,14,7.9,31.7
559,35,Other,High School,Data Scientist,Emotional Intelligence,1,24,2,8,1,5.0,400.0
560,33,Female,Master's,Student,Leadership,7,26,4,1,16,9.8,40.0
561,31,Female,High School,Manager,Communication,8,15,7,4,10,10.0,25.0
562,22,Male,PhD,Manager,Persuasive Speaking,8,17,8,6,19,10.0,25.0
563,26,Male,Bachelor's,Software Engineer,Writing Skills,3,46,3,3,3,8.2,173.3
564,34,Male,High School,Manager,Critical Thinking,10,7,9,5,5,10.0,0.0
565,31,Male,High School,Software Engineer,Conflict Resolution,1,13,2,10,9,4.3,330.0
566,21,Female,Master's,Data Scientist,Persuasive Speaking,9,16,8,9,18,10.0,11.1
567,21,Other,Master's,Software Engineer,Conflict Resolution,6,27,8,3,11,9.3,55.0
568,35,Female,Bachelor's,Student,Emotional Intelligence,9,18,4,5,16,10.0,11.1
569,26,Male,High School,Software Engineer,Critical Thinking,7,37,1,8,2,10.0,42.9
570,34,Female,High School,Student,Conflict Resolution,1,22,1,6,12,4.4,340.0
571,25,Other,Master's,Software Engineer,Emotional Intelligence,1,45,2,4,6,6.3,530.0
572,22,Other,High School,Manager,Communication,6,13,9,8,11,8.9,48.3
573,28,Female,High School,Data Scientist,Conflict Resolution,5,27,2,3,8,8.3,66.0
574,29,Female,High School,Student,Critical Thinking,9,14,2,3,12,10.0,11.1
575,34,Female,Master's,Software Engineer,Persuasive Speaking,2,23,6,4,2,5.1,155.0
576,33,Male,Bachelor's,Software Engineer,Emotional Intelligence,8,9,7,9,9,10.0,25.0
577,32,Female,PhD,Software Engineer,Persuasive Speaking,5,27,7,5,15,8.7,74.0
578,25,Female,Bachelor's,Manager,Critical Thinking,2,34,9,8,2,7.0,250.0
579,29,Female,PhD,Manager,Leadership,10,29,6,6,1,10.0,0.0
580,29,Other,High School,Student,Emotional Intelligence,6,32,8,3,10,9.8,63.3
581,25,Other,Bachelor's,Student,Conflict Resolution,10,38,6,8,2,10.0,0.0
582,20,Male,PhD,Manager,Emotional Intelligence,8,49,2,9,12,10.0,25.0
583,23,Male,Master's,Student,Persuasive Speaking,4,29,1,8,8,8.5,112.5
584,29,Other,Master's,Data Scientist,Communication,2,14,5,4,5,4.2,110.0
585,25,Other,Bachelor's,Data Scientist,Emotional Intelligence,5,18,9,6,1,8.0,60.0
586,34,Other,Bachelor's,Manager,Conflict Resolution,2,46,8,1,15,6.8,240.0
587,25,Female,High School,Student,Leadership,2,34,4,4,6,6.2,210.0
588,30,Female,Bachelor's,Software Engineer,Writing Skills,6,45,5,8,12,10.0,66.7
589,31,Other,High School,Data Scientist,Communication,10,29,5,1,8,10.0,0.0
590,24,Female,High School,Manager,Leadership,9,18,6,3,13,10.0,11.1
591,20,Female,Master's,Student,Emotional Intelligence,4,39,3,1,19,8.1,102.5
592,27,Male,Master's,Manager,Persuasive Speaking,6,38,5,9,1,10.0,66.7
593,24,Other,PhD,Software Engineer,Critical Thinking,7,14,2,2,11,8.8,25.7
594,31,Other,Master's,Data Scientist,Persuasive Speaking,6,39,10,9,1,10.0,66.7
595,31,Female,Master's,Manager,Conflict Resolution,8,15,1,4,8,10.0,25.0
596,31,Other,Bachelor's,Manager,Persuasive Speaking,4,15,1,2,5,5.9,47.5
597,24,Male,Master's,Manager,Communication,1,25,10,4,17,4.3,330.0
598,26,Male,PhD,Software Engineer,Persuasive Speaking,7,25,7,10,8,10.0,42.9
599,23,Male,Bachelor's,Manager,Conflict Resolution,3,26,2,6,10,6.8,126.7
600,25,Other,PhD,Software Engineer,Writing Skills,6,49,4,7,2,10.0,66.7
601,32,Other,Master's,Software Engineer,Emotional Intelligence,2,11,5,3,9,3.7,85.0
602,35,Other,PhD,Software Engineer,Critical Thinking,9,21,7,3,3,10.0,11.1
603,23,Other,Bachelor's,Data Scientist,Emotional Intelligence,1,6,2,10,18,3.6,260.0
604,33,Other,High School,Data Scientist,Persuasive Speaking,6,16,6,8,7,9.2,53.3
605,34,Male,PhD,Manager,Leadership,6,46,1,5,15,10.0,66.7
606,22,Female,PhD,Manager,Emotional Intelligence,5,22,7,4,18,8.0,60.0
607,26,Male,Bachelor's,Data Scientist,Writing Skills,5,15,9,7,3,7.9,58.0
608,27,Other,Bachelor's,Student,Persuasive Speaking,1,20,5,7,14,4.4,340.0
609,23,Male,PhD,Data Scientist,Critical Thinking,10,22,5,9,2,10.0,0.0
610,35,Other,Master's,Software Engineer,Conflict Resolution,5,39,4,9,14,10.0,100.0
611,32,Other,PhD,Data Scientist,Writing Skills,2,30,3,5,11,6.0,200.0
612,21,Male,Bachelor's,Software Engineer,Persuasive Speaking,7,20,9,8,16,10.0,42.9
613,31,Other,High School,Manager,Writing Skills,3,10,5,10,8,6.0,100.0
614,29,Female,High School,Student,Emotional Intelligence,4,48,8,1,7,9.0,125.0
615,33,Other,Master's,Manager,Critical Thinking,3,47,9,9,11,9.5,216.7
616,22,Female,PhD,Software Engineer,Conflict Resolution,3,46,5,8,3,9.2,206.7
617,20,Female,High School,Software Engineer,Persuasive Speaking,4,16,10,6,17,6.8,70.0
618,27,Other,PhD,Software Engineer,Communication,5,17,9,3,14,7.3,46.0
619,34,Male,Bachelor's,Student,Conflict Resolution,1,8,2,3,6,2.4,140.0
620,22,Female,High School,Data Scientist,Communication,4,43,9,8,8,9.9,147.5
621,31,Male,Master's,Manager,Writing Skills,8,6,4,5,5,9.6,20.0
622,29,Female,Bachelor's,Manager,Leadership,10,30,6,10,8,10.0,0.0
623,26,Other,Master's,Data Scientist,Conflict Resolution,7,31,6,7,2,10.0,42.9
624,29,Other,Bachelor's,Manager,Writing Skills,9,31,6,5,15,10.0,11.1
625,24,Female,High School,Student,Communication,5,19,2,8,12,8.5,70.0
626,29,Other,Master's,Manager,Emotional Intelligence,10,12,7,10,17,10.0,0.0
627,24,Female,Master's,Software Engineer,Emotional Intelligence,4,11,6,10,1,7.1,77.5
628,33,Other,Bachelor's,Data Scientist,Leadership,8,44,1,4,15,10.0,25.0
629,26,Male,Master's,Student,Conflict Resolution,9,16,2,2,14,10.0,11.1
630,34,Other,Bachelor's,Data Scientist,Conflict Resolution,7,17,7,3,16,9.3,32.9
631,28,Male,Bachelor's,Student,Conflict Resolution,7,47,1,8,9,10.0,42.9
632,31,Other,Bachelor's,Software Engineer,Writing Skills,5,21,1,7,1,8.5,70.0
633,24,Male,Bachelor's,Data Scientist,Critical Thinking,4,21,1,2,17,6.5,62.5
634,20,Other,High School,Manager,Critical Thinking,10,40,8,6,13,10.0,0.0
635,29,Male,Bachelor's,Student,Leadership,1,25,4,9,5,5.3,430.0
636,29,Female,PhD,Data Scientist,Conflict Resolution,10,12,4,4,10,10.0,0.0
637,20,Female,Master's,Manager,Writing Skills,10,9,2,9,6,10.0,0.0
638,34,Male,PhD,Data Scientist,Emotional Intelligence,7,30,1,2,19,10.0,42.9
639,21,Other,High School,Data Scientist,Communication,1,20,10,2,13,3.4,240.0
640,35,Male,PhD,Data Scientist,Writing Skills,1,40,9,9,1,6.8,580.0
641,33,Other,Master's,Student,Critical Thinking,5,32,7,7,15,9.6,92.0
642,25,Female,PhD,Manager,Critical Thinking,9,33,4,7,14,10.0,11.1
643,35,Other,High School,Software Engineer,Emotional Intelligence,6,16,6,1,8,7.8,30.0
644,28,Female,Bachelor's,Student,Emotional Intelligence,3,41,2,6,10,8.3,176.7
645,27,Other,PhD,Student,Communication,3,34,7,7,9,7.8,160.0
646,32,Other,High School,Student,Emotional Intelligence,7,27,2,6,17,10.0,42.9
647,24,Other,High School,Software Engineer,Leadership,6,20,10,6,9,9.2,53.3
648,20,Male,Master's,Manager,Communication,9,18,8,2,3,10.0,11.1
649,35,Male,Master's,Manager,Emotional Intelligence,6,14,8,6,11,8.6,43.3
650,32,Female,PhD,Manager,Persuasive Speaking,5,11,1,4,12,6.9,38.0
651,26,Female,Bachelor's,Data Scientist,Writing Skills,10,49,8,9,10,10.0,0.0
652,35,Male,High School,Data Scientist,Emotional Intelligence,7,41,2,1,17,10.0,42.9
653,34,Female,PhD,Data Scientist,Leadership,1,33,6,8,17,5.9,490.0
654,24,Male,High School,Software Engineer,Conflict Resolution,7,7,1,5,11,8.7,24.3
655,25,Other,High School,Data Scientist,Emotional Intelligence,3,19,5,1,4,5.1,70.0
656,32,Female,Bachelor's,Software Engineer,Critical Thinking,9,40,7,4,7,10.0,11.1
657,26,Female,Bachelor's,Manager,Critical Thinking,6,23,10,1,14,8.5,41.7
658,22,Male,PhD,Data Scientist,Critical Thinking,9,17,1,6,7,10.0,11.1
659,31,Female,Bachelor's,Data Scientist,Conflict Resolution,5,46,2,2,8,10.0,100.0
660,29,Female,Bachelor's,Student,Critical Thinking,7,25,7,5,1,10.0,42.9
661,35,Other,PhD,Software Engineer,Persuasive Speaking,4,41,6,7,4,9.5,137.5
662,22,Female,Bachelor's,Manager,Emotional Intelligence,7,31,3,2,12,10.0,42.9
663,24,Other,Master's,Student,Critical Thinking,1,33,10,6,3,5.5,450.0
664,25,Male,High School,Student,Communication,7,24,2,6,13,10.0,42.9
665,28,Female,High School,Manager,Conflict Resolution,8,29,10,5,6,10.0,25.0
666,32,Other,High School,Student,Persuasive Speaking,5,10,4,5,11,7.0,40.0
667,33,Male,High School,Software Engineer,Communication,2,40,3,3,4,6.6,230.0
668,31,Female,PhD,Software Engineer,Communication,5,6,7,10,16,7.6,52.0
669,24,Male,High School,Data Scientist,Communication,6,26,8,10,7,10.0,66.7
670,34,Female,High School,Student,Communication,2,36,2,2,11,6.0,200.0
671,20,Male,High School,Data Scientist,Emotional Intelligence,6,20,10,7,1,9.4,56.7
672,33,Male,High School,Student,Critical Thinking,6,22,7,1,7,8.4,40.0
673,33,Other,Master's,Software Engineer,Writing Skills,1,9,8,6,12,3.1,210.0
674,33,Male,High School,Software Engineer,Emotional Intelligence,1,40,6,6,7,6.2,520.0
675,23,Female,Master's,Software Engineer,Emotional Intelligence,10,34,6,3,7,10.0,0.0
676,24,Female,PhD,Student,Persuasive Speaking,3,49,10,2,10,8.3,176.7
677,31,Other,Bachelor's,Software Engineer,Persuasive Speaking,10,23,1,2,16,10.0,0.0
678,35,Female,High School,Student,Critical Thinking,10,27,4,9,8,10.0,0.0
679,29,Female,Bachelor's,Data Scientist,Writing Skills,3,38,1,5,9,7.8,160.0
680,29,Female,Bachelor's,Student,Persuasive Speaking,4,17,4,7,9,7.1,77.5
681,35,Male,PhD,Data Scientist,Critical Thinking,2,47,2,5,2,7.7,285.0
682,24,Male,Bachelor's,Student,Critical Thinking,9,33,5,7,13,10.0,11.1
683,26,Female,Master's,Data Scientist,Leadership,10,40,10,4,13,10.0,0.0
684,23,Other,Bachelor's,Software Engineer,Writing Skills,7,26,9,8,4,10.0,42.9
685,20,Male,Bachelor's,Data Scientist,Persuasive Speaking,7,40,10,10,12,10.0,42.9
686,33,Other,Bachelor's,Software Engineer,Writing Skills,6,13,3,10,17,9.3,55.0
687,33,Female,High School,Software Engineer,Emotional Intelligence,3,43,8,7,2,8.7,190.0
688,24,Female,High School,Data Scientist,Emotional Intelligence,6,23,3,10,13,10.0,66.7
689,26,Male,Master's,Student,Writing Skills,8,42,6,5,18,10.0,25.0
690,29,Female,Master's,Student,Leadership,8,10,4,6,15,10.0,25.0
691,29,Male,High School,Manager,Leadership,9,19,8,5,8,10.0,11.1
692,25,Female,Master's,Student,Writing Skills,1,24,6,7,15,4.8,380.0
693,24,Female,High School,Manager,Persuasive Speaking,1,13,8,2,1,2.7,170.0
694,23,Male,PhD,Student,Conflict Resolution,3,36,1,5,10,7.6,153.3
695,21,Male,Bachelor's,Student,Leadership,3,8,6,10,12,5.8,93.3
696,23,Male,Bachelor's,Software Engineer,Communication,10,22,1,3,5,10.0,0.0
697,34,Female,Master's,Manager,Emotional Intelligence,8,9,1,9,9,10.0,25.0
698,29,Female,High School,Student,Writing Skills,10,24,8,6,8,10.0,0.0
699,29,Other,High School,Manager,Communication,1,27,7,10,16,5.7,470.0
700,22,Male,Master's,Software Engineer,Writing Skills,2,15,3,3,14,4.1,105.0
701,29,Female,High School,Software Engineer,Critical Thinking,2,41,6,7,13,7.5,275.0
702,35,Female,PhD,Manager,Emotional Intelligence,3,26,9,4,13,6.4,113.3
703,20,Male,Bachelor's,Software Engineer,Emotional Intelligence,6,8,7,3,5,7.4,23.3
704,27,Other,Master's,Data Scientist,Leadership,1,33,3,8,16,5.9,490.0
705,24,Male,Master's,Data Scientist,Leadership,2,48,6,4,11,7.6,280.0
706,32,Other,High School,Software Engineer,Communication,1,38,4,1,5,5.0,400.0
707,23,Female,Master's,Data Scientist,Critical Thinking,5,17,3,6,13,7.9,58.0
708,35,Other,PhD,Student,Writing Skills,7,46,9,10,11,10.0,42.9
709,27,Female,High School,Manager,Critical Thinking,8,13,10,1,19,9.5,18.8
710,35,Male,High School,Student,Emotional Intelligence,10,46,2,5,3,10.0,0.0
711,26,Male,High School,Manager,Communication,1,35,1,7,15,5.9,490.0
712,21,Male,High School,Software Engineer,Conflict Resolution,7,11,2,6,7,9.3,32.9
713,20,Other,PhD,Student,Communication,5,8,7,2,7,6.2,24.0
714,31,Female,High School,Software Engineer,Persuasive Speaking,10,23,10,4,6,10.0,0.0
715,35,Male,Master's,Software Engineer,Communication,1,46,1,2,3,6.0,500.0
716,35,Male,PhD,Manager,Critical Thinking,3,34,6,1,13,6.6,120.0
717,30,Female,Bachelor's,Manager,Persuasive Speaking,7,35,7,3,7,10.0,42.9
718,23,Male,Bachelor's,Manager,Persuasive Speaking,10,39,9,3,5,10.0,0.0
719,27,Female,Master's,Student,Persuasive Speaking,1,25,8,7,18,4.9,390.0
720,31,Female,Master's,Data Scientist,Conflict Resolution,7,35,6,1,8,10.0,42.9
721,21,Female,PhD,Manager,Communication,5,23,3,9,17,9.1,82.0
722,22,Female,Bachelor's,Manager,Critical Thinking,1,35,8,6,1,5.7,470.0
723,31,Female,Bachelor's,Student,Communication,1,36,7,4,14,5.4,440.0
724,20,Other,Bachelor's,Manager,Conflict Resolution,1,6,3,3,17,2.2,120.0
725,20,Male,Bachelor's,Student,Emotional Intelligence,9,14,9,3,10,10.0,11.1
726,32,Other,Bachelor's,Software Engineer,Leadership,3,6,2,2,12,4.0,33.3
727,22,Male,High School,Manager,Critical Thinking,5,6,3,2,16,6.0,20.0
728,30,Other,Master's,Manager,Critical Thinking,10,28,2,10,14,10.0,0.0
729,24,Female,High School,Software Engineer,Communication,9,21,1,5,16,10.0,11.1
730,31,Male,Bachelor's,Software Engineer,Leadership,6,36,4,9,8,10.0,66.7
731,22,Male,PhD,Software Engineer,Writing Skills,9,20,5,2,10,10.0,11.1
732,20,Other,PhD,Manager,Writing Skills,8,20,6,2,17,10.0,25.0
733,20,Other,Bachelor's,Data Scientist,Conflict Resolution,8,43,5,6,18,10.0,25.0
734,27,Male,Bachelor's,Data Scientist,Writing Skills,1,35,1,10,16,6.5,550.0
735,29,Other,PhD,Data Scientist,Critical Thinking,9,47,3,2,17,10.0,11.1
736,30,Other,High School,Manager,Writing Skills,6,28,1,4,16,9.6,60.0
737,31,Other,High School,Software Engineer,Emotional Intelligence,9,5,5,6,19,10.0,11.1
738,32,Female,Bachelor's,Manager,Emotional Intelligence,3,15,5,5,8,5.5,83.3
739,32,Female,High School,Software Engineer,Emotional Intelligence,3,25,6,1,6,5.7,90.0
740,31,Other,PhD,Manager,Writing Skills,6,8,8,6,6,8.0,33.3
741,34,Other,High School,Manager,Conflict Resolution,9,11,10,1,9,10.0,11.1
742,33,Female,Bachelor's,Software Engineer,Persuasive Speaking,7,30,1,3,4,10.0,42.9
743,21,Female,PhD,Data Scientist,Persuasive Speaking,3,16,4,10,12,6.6,120.0
744,32,Male,High School,Software Engineer,Leadership,3,35,10,5,12,7.5,150.0
745,22,Male,Master's,Student,Persuasive Speaking,2,21,1,10,17,6.1,205.0
746,21,Female,PhD,Student,Persuasive Speaking,9,37,9,5,15,10.0,11.1
747,22,Other,PhD,Software Engineer,Emotional Intelligence,3,15,7,10,9,6.5,116.7
748,26,Other,Master's,Manager,Emotional Intelligence,5,32,7,6,7,9.4,88.0
749,20,Other,Master's,Student,Writing Skills,9,36,5,10,10,10.0,11.1
750,29,Other,PhD,Student,Leadership,8,5,7,8,16,10.0,25.0
751,27,Male,Master's,Manager,Communication,2,32,2,5,12,6.2,210.0
752,32,Female,Bachelor's,Manager,Critical Thinking,3,46,4,1,7,7.8,160.0
753,29,Other,Bachelor's,Data Scientist,Leadership,2,11,7,5,18,4.1,105.0
754,29,Male,Bachelor's,Manager,Leadership,8,6,3,3,15,9.2,15.0
755,29,Other,PhD,Software Engineer,Conflict Resolution,6,46,2,4,6,10.0,66.7
756,33,Female,Master's,Software Engineer,Writing Skills,6,28,10,8,12,10.0,66.7
757,21,Male,Master's,Data Scientist,Conflict Resolution,9,8,2,7,11,10.0,11.1
758,22,Female,High School,Student,Leadership,8,48,1,5,3,10.0,25.0
759,28,Female,High School,Student,Leadership,4,23,5,2,2,6.7,67.5
760,26,Male,Master's,Manager,Leadership,4,30,6,6,6,8.2,105.0
761,23,Male,Master's,Software Engineer,Persuasive Speaking,9,15,6,6,5,10.0,11.1
762,29,Male,Master's,Student,Critical Thinking,1,44,9,10,18,7.4,640.0
763,24,Male,PhD,Data Scientist,Critical Thinking,2,47,4,10,16,8.7,335.0
764,21,Male,Master's,Data Scientist,Conflict Resolution,2,15,1,6,8,4.7,135.0
765,32,Male,High School,Software Engineer,Leadership,6,49,6,9,11,10.0,66.7
766,30,Male,PhD,Data Scientist,Critical Thinking,4,7,5,8,10,6.3,57.5
767,32,Other,Master's,Data Scientist,Emotional Intelligence,10,16,10,8,12,10.0,0.0
768,27,Female,High School,Software Engineer,Critical Thinking,3,7,6,1,6,3.9,30.0
769,23,Male,PhD,Manager,Writing Skills,3,46,3,5,5,8.6,186.7
770,28,Other,Master's,Manager,Writing Skills,3,31,2,7,9,7.5,150.0
771,24,Other,Master's,Data Scientist,Critical Thinking,6,6,6,6,16,7.8,30.0
772,32,Other,Master's,Manager,Emotional Intelligence,8,20,1,5,14,10.0,25.0
773,28,Female,PhD,Manager,Writing Skills,7,6,7,8,8,9.2,31.4
774,23,Male,High School,Data Scientist,Persuasive Speaking,4,34,7,3,19,8.0,100.0
775,29,Other,High School,Manager,Critical Thinking,4,24,10,6,14,7.6,90.0
776,24,Female,Bachelor's,Data Scientist,Persuasive Speaking,10,42,7,5,7,10.0,0.0
777,28,Female,Master's,Student,Critical Thinking,2,32,10,8,5,6.8,240.0
778,27,Female,Bachelor's,Software Engineer,Communication,1,29,1,4,18,4.7,370.0
779,35,Other,Bachelor's,Software Engineer,Communication,9,36,4,8,2,10.0,11.1
780,22,Male,High School,Manager,Communication,2,14,7,10,11,5.4,170.0
781,20,Other,PhD,Manager,Writing Skills,8,46,9,2,8,10.0,25.0
782,22,Other,PhD,Manager,Persuasive Speaking,9,44,5,9,1,10.0,11.1
783,35,Male,High School,Software Engineer,Persuasive Speaking,4,37,2,9,12,9.5,137.5
784,23,Male,PhD,Student,Persuasive Speaking,8,17,7,10,2,10.0,25.0
785,21,Male,Bachelor's,Student,Emotional Intelligence,9,45,10,10,18,10.0,11.1
786,20,Female,Master's,Software Engineer,Persuasive Speaking,10,46,1,6,7,10.0,0.0
787,26,Male,High School,Student,Emotional Intelligence,10,41,7,4,17,10.0,0.0
788,35,Other,Master's,Software Engineer,Communication,5,20,6,4,14,7.8,56.0
789,27,Male,PhD,Student,Communication,7,49,7,6,7,10.0,42.9
790,26,Other,Master's,Data Scientist,Writing Skills,10,26,10,5,3,10.0,0.0
791,33,Female,PhD,Data Scientist,Critical Thinking,4,24,3,6,6,7.6,90.0
792,35,Other,PhD,Software Engineer,Communication,1,47,3,7,2,7.1,610.0
793,24,Other,Bachelor's,Student,Critical Thinking,3,31,7,7,17,7.5,150.0
794,31,Male,PhD,Manager,Critical Thinking,5,45,2,9,12,10.0,100.0
795,20,Male,Bachelor's,Student,Writing Skills,3,20,1,8,12,6.6,120.0
796,26,Other,Bachelor's,Data Scientist,Leadership,7,38,9,6,17,10.0,42.9
797,32,Male,Bachelor's,Data Scientist,Leadership,9,36,9,6,10,10.0,11.1
798,26,Female,High School,Student,Conflict Resolution,6,30,7,5,3,10.0,66.7
799,28,Female,High School,Student,Writing Skills,10,29,7,1,18,10.0,0.0
800,22,Male,PhD,Manager,Conflict Resolution,1,6,3,9,13,3.4,240.0
801,28,Female,Bachelor's,Manager,Conflict Resolution,7,16,10,9,12,10.0,42.9
802,33,Male,High School,Student,Leadership,3,44,2,9,17,9.2,206.7
803,20,Other,Bachelor's,Student,Writing Skills,5,13,7,8,4,7.9,58.0
804,20,Other,Master's,Student,Leadership,10,16,9,10,10,10.0,0.0
805,33,Female,Master's,Student,Conflict Resolution,4,30,1,3,11,7.6,90.0
806,23,Male,Master's,Software Engineer,Writing Skills,10,13,4,1,6,10.0,0.0
807,35,Male,PhD,Student,Conflict Resolution,5,14,6,8,6,8.0,60.0
808,28,Female,Bachelor's,Manager,Persuasive Speaking,5,36,7,7,9,10.0,100.0
809,25,Other,Master's,Data Scientist,Critical Thinking,6,38,10,5,15,10.0,66.7
810,32,Female,High School,Software Engineer,Writing Skills,10,24,7,10,2,10.0,0.0
811,30,Other,Master's,Student,Writing Skills,10,43,10,7,4,10.0,0.0
812,22,Male,Master's,Data Scientist,Critical Thinking,6,6,2,10,5,8.6,43.3
813,20,Other,Master's,Software Engineer,Conflict Resolution,8,5,4,4,17,9.3,16.3
814,23,Female,PhD,Data Scientist,Persuasive Speaking,8,40,5,9,8,10.0,25.0
815,31,Male,High School,Student,Emotional Intelligence,9,28,1,10,8,10.0,11.1
816,32,Female,Bachelor's,Student,Critical Thinking,8,31,1,2,12,10.0,25.0
817,28,Female,High School,Manager,Leadership,2,6,10,9,8,4.4,120.0
818,22,Other,Bachelor's,Student,Conflict Resolution,10,35,3,9,19,10.0,0.0
819,31,Female,PhD,Student,Critical Thinking,1,18,10,5,3,3.8,280.0
820,28,Other,PhD,Software Engineer,Critical Thinking,10,6,3,1,18,10.0,0.0
821,26,Male,PhD,Manager,Writing Skills,2,33,8,7,19,6.7,235.0
822,31,Other,PhD,Software Engineer,Leadership,2,19,9,10,19,5.9,195.0
823,33,Male,Bachelor's,Data Scientist,Leadership,3,16,1,10,15,6.6,120.0
824,34,Other,Master's,Student,Leadership,10,41,2,4,6,10.0,0.0
825,35,Female,Bachelor's,Data Scientist,Critical Thinking,7,32,10,9,16,10.0,42.9
826,23,Other,High School,Software Engineer,Emotional Intelligence,2,24,2,6,8,5.6,180.0
827,22,Other,PhD,Student,Communication,1,43,4,3,16,5.9,490.0
828,29,Male,PhD,Student,Conflict Resolution,6,28,2,6,18,10.0,66.7
829,34,Female,High School,Software Engineer,Communication,9,25,7,10,16,10.0,11.1
830,35,Other,Bachelor's,Software Engineer,Critical Thinking,3,14,9,6,11,5.6,86.7
831,24,Female,Master's,Software Engineer,Communication,6,18,7,5,7,8.8,46.7
832,24,Other,Master's,Software Engineer,Critical Thinking,3,41,6,2,17,7.5,150.0
833,22,Other,High School,Software Engineer,Communication,1,22,10,10,17,5.2,420.0
834,31,Female,Master's,Student,Leadership,5,28,1,10,12,9.8,96.0
835,28,Other,Bachelor's,Software Engineer,Persuasive Speaking,10,18,10,2,13,10.0,0.0
836,23,Female,Bachelor's,Student,Leadership,4,38,9,7,10,9.2,130.0
837,30,Other,High School,Student,Leadership,7,16,5,2,7,9.0,28.6
838,24,Male,Bachelor's,Software Engineer,Writing Skills,6,26,5,6,14,9.8,63.3
839,23,Female,PhD,Software Engineer,Writing Skills,10,10,6,5,1,10.0,0.0
840,24,Other,High School,Manager,Communication,7,40,9,4,17,10.0,42.9
841,26,Other,Bachelor's,Student,Critical Thinking,5,49,8,7,4,10.0,100.0
842,35,Male,High School,Software Engineer,Leadership,4,40,8,8,5,9.6,140.0
843,28,Female,Master's,Software Engineer,Communication,7,26,8,4,7,10.0,42.9
844,26,Other,Bachelor's,Software Engineer,Writing Skills,7,18,1,1,10,9.0,28.6
845,32,Male,PhD,Manager,Persuasive Speaking,6,20,1,1,17,8.2,36.7
846,24,Other,Bachelor's,Manager,Conflict Resolution,8,40,8,1,7,10.0,25.0
847,29,Female,High School,Data Scientist,Communication,4,29,5,1,1,7.1,77.5
848,29,Other,High School,Student,Persuasive Speaking,10,36,9,5,7,10.0,0.0
849,26,Other,Bachelor's,Data Scientist,Conflict Resolution,5,37,2,4,11,9.5,90.0
850,33,Other,PhD,Software Engineer,Emotional Intelligence,4,49,9,9,9,10.0,150.0
851,34,Other,PhD,Manager,Communication,1,40,8,3,12,5.6,460.0
852,29,Male,PhD,Manager,Communication,8,24,9,7,3,10.0,25.0
853,24,Male,High School,Data Scientist,Emotional Intelligence,1,22,4,8,4,4.8,380.0
854,22,Female,Bachelor's,Manager,Emotional Intelligence,5,42,1,6,4,10.0,100.0
855,26,Male,Master's,Software Engineer,Communication,6,7,1,10,13,8.7,45.0
856,32,Male,High School,Manager,Emotional Intelligence,6,27,5,1,19,8.9,48.3
857,30,Female,PhD,Data Scientist,Leadership,5,36,2,8,10,10.0,100.0
858,30,Male,Bachelor's,Software Engineer,Conflict Resolution,3,49,8,10,5,9.9,230.0
859,21,Male,PhD,Data Scientist,Conflict Resolution,5,20,10,3,7,7.6,52.0
860,34,Female,Master's,Manager,Conflict Resolution,8,9,5,8,16,10.0,25.0
861,31,Female,PhD,Data Scientist,Leadership,2,8,5,4,1,3.6,80.0
862,28,Female,PhD,Data Scientist,Critical Thinking,6,25,2,8,12,10.0,66.7
863,29,Other,Master's,Student,Emotional Intelligence,9,44,7,1,2,10.0,11.1
864,29,Other,Bachelor's,Manager,Persuasive Speaking,8,18,8,3,7,10.0,25.0
865,31,Female,High School,Manager,Emotional Intelligence,8,43,10,6,11,10.0,25.0
866,20,Female,Bachelor's,Data Scientist,Communication,8,35,1,9,13,10.0,25.0
867,32,Female,Master's,Student,Writing Skills,7,18,2,2,2,9.2,31.4
868,25,Other,PhD,Manager,Conflict Resolution,8,10,10,1,7,9.2,15.0
869,26,Other,Bachelor's,Software Engineer,Emotional Intelligence,6,16,4,10,15,9.6,60.0
870,33,Male,High School,Data Scientist,Persuasive Speaking,2,20,5,3,11,4.6,130.0
871,32,Male,Master's,Manager,Communication,2,21,2,4,2,4.9,145.0
872,27,Female,Bachelor's,Software Engineer,Leadership,8,49,1,5,7,10.0,25.0
873,29,Other,High School,Manager,Critical Thinking,1,27,9,3,4,4.3,330.0
874,28,Other,Master's,Software Engineer,Leadership,6,18,1,10,11,9.8,63.3
875,21,Other,High School,Data Scientist,Persuasive Speaking,6,11,4,2,2,7.5,25.0
876,30,Female,Master's,Manager,Communication,4,36,2,2,16,8.0,100.0
877,29,Male,PhD,Manager,Conflict Resolution,10,19,4,7,7,10.0,0.0
878,21,Female,Bachelor's,Student,Emotional Intelligence,3,48,8,9,13,9.6,220.0
879,24,Male,High School,Data Scientist,Communication,3,21,8,10,5,7.1,136.7
880,32,Male,Master's,Software Engineer,Critical Thinking,1,45,9,2,17,5.9,490.0
881,24,Female,High School,Manager,Leadership,3,48,5,7,12,9.2,206.7
882,25,Male,High School,Manager,Critical Thinking,4,38,7,7,19,9.2,130.0
883,22,Male,Bachelor's,Software Engineer,Critical Thinking,5,9,3,7,7,7.3,46.0
884,27,Other,PhD,Data Scientist,Persuasive Speaking,3,49,10,3,6,8.5,183.3
885,35,Male,High School,Student,Persuasive Speaking,6,31,4,7,8,10.0,66.7
886,32,Female,Master's,Student,Emotional Intelligence,5,27,10,1,13,7.9,58.0
887,20,Female,Master's,Manager,Persuasive Speaking,3,44,9,10,5,9.4,213.3
888,25,Male,PhD,Software Engineer,Persuasive Speaking,6,18,10,1,2,8.0,33.3
889,23,Other,Master's,Manager,Communication,6,19,10,5,9,8.9,48.3
890,20,Other,PhD,Software Engineer,Conflict Resolution,8,47,1,2,11,10.0,25.0
891,34,Male,Master's,Student,Emotional Intelligence,2,37,2,9,6,7.5,275.0
892,26,Male,Bachelor's,Data Scientist,Communication,1,35,5,7,7,5.9,490.0
893,28,Female,High School,Software Engineer,Conflict Resolution,4,39,3,4,7,8.7,117.5
894,32,Male,Bachelor's,Student,Critical Thinking,7,21,2,4,19,9.9,41.4
895,23,Other,High School,Manager,Communication,10,32,1,2,6,10.0,0.0
896,23,Male,High School,Software Engineer,Writing Skills,3,23,10,5,11,6.3,110.0
897,25,Female,High School,Data Scientist,Communication,3,27,3,4,11,6.5,116.7
898,31,Female,Bachelor's,Manager,Persuasive Speaking,5,36,1,1,7,8.8,76.0
899,34,Female,High School,Manager,Conflict Resolution,5,44,1,8,2,10.0,100.0
900,22,Female,Bachelor's,Student,Emotional Intelligence,10,17,1,3,19,10.0,0.0
901,32,Female,PhD,Software Engineer,Emotional Intelligence,3,24,8,6,4,6.6,120.0
902,31,Male,Master's,Manager,Conflict Resolution,9,39,3,4,6,10.0,11.1
903,25,Male,Master's,Data Scientist,Persuasive Speaking,4,9,1,9,17,6.7,67.5
904,26,Male,High School,Software Engineer,Leadership,3,13,7,7,5,5.7,90.0
905,30,Male,Bachelor's,Data Scientist,Communication,2,33,10,9,7,7.1,255.0
906,29,Female,Master's,Manager,Persuasive Speaking,10,10,3,10,9,10.0,0.0
907,29,Other,Bachelor's,Data Scientist,Writing Skills,9,29,8,3,1,10.0,11.1
908,22,Male,Bachelor's,Student,Critical Thinking,4,35,4,1,1,7.7,92.5
909,26,Other,High School,Data Scientist,Conflict Resolution,3,26,4,5,19,6.6,120.0
910,33,Male,Master's,Software Engineer,Communication,7,6,5,3,6,8.2,17.1
911,22,Male,High School,Data Scientist,Emotional Intelligence,8,49,6,6,18,10.0,25.0
912,32,Other,High School,Data Scientist,Critical Thinking,2,9,7,8,10,4.5,125.0
913,32,Female,Master's,Student,Leadership,7,31,4,4,11,10.0,42.9
914,21,Male,Master's,Data Scientist,Writing Skills,5,29,8,5,1,8.9,78.0
915,31,Male,PhD,Data Scientist,Emotional Intelligence,5,12,6,5,1,7.2,44.0
916,33,Male,PhD,Manager,Conflict Resolution,3,5,1,4,13,4.3,43.3
917,29,Other,Bachelor's,Manager,Communication,5,24,1,4,5,8.2,64.0
918,23,Female,Master's,Software Engineer,Conflict Resolution,2,48,9,4,1,7.6,280.0
919,31,Other,PhD,Manager,Critical Thinking,4,27,10,4,3,7.5,87.5
920,27,Other,Bachelor's,Manager,Communication,6,36,6,4,18,10.0,66.7
921,32,Female,Bachelor's,Manager,Persuasive Speaking,1,15,10,5,9,3.5,250.0
922,34,Other,Bachelor's,Manager,Leadership,10,43,8,2,14,10.0,0.0
923,28,Female,PhD,Student,Persuasive Speaking,4,28,7,2,17,7.2,80.0
924,26,Male,Master's,Manager,Persuasive Speaking,6,15,6,9,14,9.3,55.0
925,20,Female,High School,Student,Conflict Resolution,9,33,4,2,4,10.0,11.1
926,22,Male,Bachelor's,Student,Critical Thinking,2,30,7,6,5,6.2,210.0
927,32,Other,PhD,Manager,Leadership,7,20,9,2,17,9.4,34.3
928,31,Other,PhD,Data Scientist,Communication,6,39,10,5,2,10.0,66.7
929,33,Male,High School,Student,Communication,2,24,10,4,5,5.2,160.0
930,28,Other,High School,Data Scientist,Writing Skills,8,7,7,7,4,10.0,25.0
931,34,Female,PhD,Data Scientist,Emotional Intelligence,7,5,1,7,4,8.9,27.1
932,31,Male,Master's,Manager,Writing Skills,5,5,10,6,6,6.7,34.0
933,20,Other,High School,Software Engineer,Writing Skills,5,21,9,10,13,9.1,82.0
934,28,Male,PhD,Manager,Communication,7,6,4,5,5,8.6,22.9
935,27,Female,High School,Software Engineer,Conflict Resolution,9,33,3,1,7,10.0,11.1
936,20,Female,Master's,Software Engineer,Persuasive Speaking,9,24,4,3,1,10.0,11.1
937,25,Other,Bachelor's,Manager,Critical Thinking,9,10,4,9,14,10.0,11.1
938,24,Female,High School,Manager,Persuasive Speaking,6,12,10,1,4,7.4,23.3
939,25,Male,Master's,Software Engineer,Persuasive Speaking,10,33,2,5,17,10.0,0.0
940,29,Female,PhD,Manager,Leadership,6,37,1,2,14,10.0,66.7
941,31,Male,High School,Software Engineer,Communication,3,7,10,4,16,4.5,50.0
942,32,Male,High School,Data Scientist,Critical Thinking,1,39,1,1,14,5.1,410.0
943,35,Female,PhD,Manager,Conflict Resolution,7,9,8,3,16,8.5,21.4
944,32,Other,Bachelor's,Data Scientist,Leadership,4,31,2,10,8,9.1,127.5
945,32,Female,PhD,Student,Emotional Intelligence,1,48,10,7,3,7.2,620.0
946,34,Male,High School,Data Scientist,Conflict Resolution,8,16,5,10,19,10.0,25.0
947,24,Male,PhD,Data Scientist,Writing Skills,6,24,4,3,1,9.0,50.0
948,35,Female,Master's,Software Engineer,Conflict Resolution,6,49,8,4,2,10.0,66.7
949,25,Other,PhD,Data Scientist,Conflict Resolution,2,24,2,2,15,4.8,140.0
950,24,Other,High School,Manager,Persuasive Speaking,1,13,10,3,10,2.9,190.0
951,30,Male,PhD,Software Engineer,Conflict Resolution,2,43,9,9,18,8.1,305.0
952,31,Male,Bachelor's,Student,Writing Skills,4,8,7,3,14,5.4,35.0
953,24,Other,PhD,Manager,Writing Skills,2,23,7,5,17,5.3,165.0
954,23,Female,Bachelor's,Student,Communication,1,42,1,2,13,5.6,460.0
955,22,Male,Master's,Data Scientist,Conflict Resolution,7,31,2,4,1,10.0,42.9
956,22,Male,Bachelor's,Manager,Persuasive Speaking,8,49,4,7,5,10.0,25.0
957,23,Other,PhD,Manager,Conflict Resolution,6,47,4,7,13,10.0,66.7
958,28,Female,High School,Student,Emotional Intelligence,4,17,3,3,14,6.3,57.5
959,21,Other,Bachelor's,Manager,Emotional Intelligence,6,17,7,5,3,8.7,45.0
960,34,Female,Master's,Manager,Persuasive Speaking,3,26,8,1,15,5.8,93.3
961,28,Female,Bachelor's,Manager,Communication,8,32,2,10,19,10.0,25.0
962,20,Female,Bachelor's,Data Scientist,Communication,10,49,4,10,17,10.0,0.0
963,33,Male,Bachelor's,Student,Writing Skills,2,26,3,10,3,6.6,230.0
964,34,Other,Master's,Manager,Writing Skills,5,47,2,1,16,9.9,98.0
965,34,Other,PhD,Software Engineer,Leadership,1,23,6,5,14,4.3,330.0
966,20,Female,Bachelor's,Software Engineer,Persuasive Speaking,6,12,4,10,12,9.2,53.3
967,24,Male,Bachelor's,Software Engineer,Conflict Resolution,2,12,6,9,12,5.0,150.0
968,25,Male,High School,Software Engineer,Critical Thinking,4,46,2,1,11,8.8,120.0
969,25,Other,Master's,Data Scientist,Persuasive Speaking,6,30,4,1,17,9.2,53.3
970,22,Male,Bachelor's,Manager,Leadership,10,30,6,4,8,10.0,0.0
971,35,Male,Master's,Student,Writing Skills,8,27,5,4,17,10.0,25.0
972,26,Female,Bachelor's,Manager,Persuasive Speaking,8,47,3,2,11,10.0,25.0
973,28,Male,PhD,Data Scientist,Persuasive Speaking,6,17,8,9,2,9.5,58.3
974,30,Female,PhD,Software Engineer,Writing Skills,4,32,7,9,10,9.0,125.0
975,31,Other,Bachelor's,Data Scientist,Leadership,8,13,3,2,10,9.7,21.2
976,29,Male,PhD,Manager,Writing Skills,8,24,6,9,11,10.0,25.0
977,35,Other,Bachelor's,Student,Communication,10,23,4,6,6,10.0,0.0
978,35,Other,PhD,Data Scientist,Conflict Resolution,1,43,5,8,4,6.9,590.0
979,27,Male,High School,Student,Writing Skills,4,16,5,10,12,7.6,90.0
980,25,Male,High School,Data Scientist,Leadership,4,19,7,4,11,6.7,67.5
981,31,Other,High School,Student,Emotional Intelligence,7,35,5,2,13,10.0,42.9
982,27,Male,Master's,Student,Communication,7,18,3,2,5,9.2,31.4
983,31,Female,Master's,Software Engineer,Emotional Intelligence,8,15,10,9,6,10.0,25.0
984,24,Female,High School,Student,Critical Thinking,5,30,5,1,1,8.2,64.0
985,27,Male,Master's,Software Engineer,Writing Skills,7,46,7,7,6,10.0,42.9
986,29,Other,PhD,Manager,Communication,8,31,5,3,18,10.0,25.0
987,31,Male,Bachelor's,Manager,Conflict Resolution,9,15,5,3,9,10.0,11.1
988,23,Male,Bachelor's,Software Engineer,Writing Skills,3,42,9,2,15,7.6,153.3
989,29,Other,Bachelor's,Software Engineer,Conflict Resolution,3,38,3,10,8,8.8,193.3
990,27,Other,High School,Data Scientist,Persuasive Speaking,4,47,6,6,19,9.9,147.5
991,29,Female,Master's,Data Scientist,Emotional Intelligence,5,23,1,10,16,9.3,86.0
992,31,Other,PhD,Data Scientist,Communication,10,10,10,2,6,10.0,0.0
993,21,Female,PhD,Manager,Conflict Resolution,1,42,5,10,6,7.2,620.0
994,31,Other,High School,Data Scientist,Leadership,7,46,8,4,3,10.0,42.9
995,31,Male,PhD,Student,Conflict Resolution,9,32,5,10,10,10.0,11.1
996,24,Female,PhD,Student,Leadership,8,5,9,9,1,10.0,25.0
997,28,Female,PhD,Data Scientist,Writing Skills,5,39,6,9,14,10.0,100.0
998,23,Female,PhD,Student,Communication,4,44,8,6,4,9.6,140.0
999,35,Male,Master's,Manager,Conflict Resolution,7,12,10,4,12,9.0,28.6
1000,30,Male,PhD,Student,Critical Thinking,5,11,8,7,6,7.5,50.0
